municipio,ano,primeira_consulta,primeira_ate_12_semana,exames_ate_20_semana,consultas_1_3,consultas_4_5,consultas_6_mais
ADAMANTINA,2022,306,243,24,87,59,159
ADAMANTINA,2023,298,245,16,47,35,198
ADAMANTINA,2024,284,238,36,41,44,172
ADAMANTINA,2025,87,75,6,7,13,9
ADOLFO,2022,51,44,2,42,0,2
ADOLFO,2023,49,46,7,40,0,2
ADOLFO,2024,44,42,3,35,0,2
ADOLFO,2025,11,11,2,3,0,0
AGUAÍ,2022,249,122,0,157,42,46
AGUAÍ,2023,415,284,2,272,53,71
AGUAÍ,2024,191,161,2,179,0,4
AGUDOS,2022,434,323,98,98,56,279
AGUDOS,2023,443,343,77,64,31,347
AGUDOS,2024,367,300,64,69,48,245
AGUDOS,2025,113,85,17,25,8,14
ALAMBARI,2022,59,39,13,15,9,35
ALAMBARI,2023,57,50,6,5,4,47
ALAMBARI,2024,72,48,15,12,23,37
ALAMBARI,2025,26,22,1,5,4,1
ALFREDO MARCONDES,2022,39,35,16,27,3,6
ALFREDO MARCONDES,2023,33,28,19,31,1,0
ALFREDO MARCONDES,2024,39,34,32,38,0,0
ALFREDO MARCONDES,2025,14,14,9,5,0,0
ALTAIR,2022,30,17,1,5,8,17
ALTAIR,2023,30,22,14,4,3,17
ALTAIR,2024,29,24,9,3,3,22
ALTAIR,2025,9,7,5,0,1,2
ALTINÓPOLIS,2022,176,139,24,24,21,121
ALTINÓPOLIS,2023,158,138,83,17,12,120
ALTINÓPOLIS,2024,175,149,55,31,38,103
ALTINÓPOLIS,2025,69,54,7,17,10,0
ALTO ALEGRE,2022,26,20,1,22,3,1
ALTO ALEGRE,2023,29,23,1,3,2,23
ALTO ALEGRE,2024,31,25,0,15,7,7
ALTO ALEGRE,2025,9,8,0,3,1,0
ALUMÍNIO,2024,116,45,2,28,29,55
ALUMÍNIO,2025,42,30,0,16,8,1
ALVINLÂNDIA,2022,30,17,1,17,6,6
ALVINLÂNDIA,2023,31,28,1,30,0,1
ALVINLÂNDIA,2024,16,15,0,16,0,0
ALVINLÂNDIA,2025,7,7,0,0,0,0
AMERICANA,2022,1128,677,65,877,131,85
AMERICANA,2023,1215,877,200,807,148,205
AMERICANA,2024,1247,1023,390,869,143,160
AMERICANA,2025,424,347,101,143,10,3
AMPARO,2022,9,2,0,9,0,0
AMPARO,2023,493,254,46,301,81,89
AMPARO,2024,413,296,17,172,93,133
AMPARO,2025,109,76,0,46,1,0
AMÉRICO BRASILIENSE,2022,325,281,106,306,3,5
AMÉRICO BRASILIENSE,2023,323,280,125,297,4,3
AMÉRICO BRASILIENSE,2024,291,244,43,267,2,2
AMÉRICO BRASILIENSE,2025,96,87,4,41,0,0
AMÉRICO DE CAMPOS,2022,43,36,9,14,15,13
AMÉRICO DE CAMPOS,2023,52,42,13,9,7,34
AMÉRICO DE CAMPOS,2024,53,44,17,18,8,24
AMÉRICO DE CAMPOS,2025,14,12,1,4,0,0
ANALÂNDIA,2022,54,44,7,19,7,27
ANALÂNDIA,2023,41,31,2,16,13,9
ANALÂNDIA,2024,45,35,0,36,7,0
ANALÂNDIA,2025,10,9,0,1,0,1
ANDRADINA,2022,503,415,15,63,30,367
ANDRADINA,2023,466,379,30,37,23,369
ANDRADINA,2024,453,380,32,39,33,346
ANDRADINA,2025,166,124,29,26,8,27
ANGATUBA,2022,345,287,139,235,53,28
ANGATUBA,2023,253,218,99,207,24,9
ANGATUBA,2024,291,268,119,265,2,6
ANGATUBA,2025,90,82,30,29,0,0
ANHEMBI,2022,81,67,3,32,7,41
ANHEMBI,2023,69,55,1,10,7,51
ANHEMBI,2024,65,54,1,16,10,37
ANHEMBI,2025,19,12,1,10,2,0
ANHUMAS,2022,48,35,7,37,7,0
ANHUMAS,2023,45,41,6,38,2,2
ANHUMAS,2024,35,33,7,31,2,0
ANHUMAS,2025,6,5,0,1,0,0
APARECIDA,2022,292,222,84,55,39,192
APARECIDA,2023,300,227,75,66,65,165
APARECIDA,2024,273,202,52,66,59,143
APARECIDA,2025,64,46,3,21,7,0
APARECIDA D'OESTE,2022,31,26,3,28,0,2
APARECIDA D'OESTE,2023,42,29,1,19,7,13
APARECIDA D'OESTE,2024,47,38,2,43,1,1
APARECIDA D'OESTE,2025,8,6,1,2,0,0
APIAÍ,2022,279,177,58,202,35,25
APIAÍ,2023,328,282,145,232,43,30
APIAÍ,2024,291,246,142,200,40,18
APIAÍ,2025,92,86,38,31,0,0
ARAMINA,2022,51,42,3,44,0,0
ARAMINA,2023,51,45,2,44,2,0
ARAMINA,2024,36,32,2,35,0,0
ARAMINA,2025,12,12,1,2,0,0
ARANDU,2022,15,5,0,15,0,0
ARANDU,2023,94,37,4,40,29,24
ARANDU,2024,71,24,0,64,1,0
ARANDU,2025,23,11,0,15,0,0
ARAPEÍ,2022,35,30,20,3,5,21
ARAPEÍ,2023,29,28,19,2,1,26
ARAPEÍ,2024,30,26,18,2,2,21
ARAPEÍ,2025,11,8,6,0,1,2
ARARAQUARA,2022,1518,1105,160,1152,153,117
ARARAQUARA,2023,1585,1219,242,1161,202,134
ARARAQUARA,2024,1473,1117,249,1106,170,96
ARARAQUARA,2025,525,396,73,213,8,6
ARARAS,2022,863,555,230,274,114,458
ARARAS,2023,892,713,333,131,106,617
ARARAS,2024,809,654,329,127,82,570
ARARAS,2025,257,204,88,29,15,43
ARAÇARIGUAMA,2022,334,253,93,279,17,11
ARAÇARIGUAMA,2023,304,243,148,221,37,27
ARAÇARIGUAMA,2024,340,275,140,205,48,54
ARAÇARIGUAMA,2025,127,101,33,46,2,1
ARAÇATUBA,2022,1545,1071,223,459,252,752
ARAÇATUBA,2023,1579,1142,140,351,173,932
ARAÇATUBA,2024,1624,1298,15,204,128,1144
ARAÇATUBA,2025,512,417,4,76,49,54
ARAÇOIABA DA SERRA,2022,341,242,13,314,3,6
ARAÇOIABA DA SERRA,2023,261,213,46,220,17,11
ARAÇOIABA DA SERRA,2024,281,234,102,219,27,21
ARAÇOIABA DA SERRA,2025,81,67,33,22,1,0
ARCO-ÍRIS,2022,10,6,0,8,1,1
ARCO-ÍRIS,2023,12,4,1,4,2,6
ARCO-ÍRIS,2024,7,6,0,2,2,3
ARCO-ÍRIS,2025,5,3,0,3,0,0
AREALVA,2022,104,77,2,10,10,84
AREALVA,2023,62,55,0,5,5,51
AREALVA,2024,71,57,3,18,12,34
AREALVA,2025,25,21,4,7,0,1
AREIAS,2022,37,28,7,17,9,11
AREIAS,2023,52,33,24,18,8,26
AREIAS,2024,38,30,17,21,6,11
AREIAS,2025,24,15,6,11,0,0
AREIÓPOLIS,2022,104,67,4,20,14,70
AREIÓPOLIS,2023,86,66,16,27,9,50
AREIÓPOLIS,2024,94,56,14,32,23,39
AREIÓPOLIS,2025,26,16,0,5,8,0
ARIRANHA,2022,26,21,0,26,0,0
ARIRANHA,2023,39,31,0,33,1,1
ARIRANHA,2024,23,15,1,22,1,0
ARIRANHA,2025,18,12,1,7,0,0
ARTUR NOGUEIRA,2022,374,268,3,152,83,133
ARTUR NOGUEIRA,2023,308,234,0,100,56,146
ARTUR NOGUEIRA,2024,292,217,1,88,50,150
ARTUR NOGUEIRA,2025,119,88,0,22,12,18
ARUJÁ,2022,1002,829,277,821,46,74
ARUJÁ,2023,946,780,252,760,51,84
ARUJÁ,2024,946,799,199,828,43,25
ARUJÁ,2025,297,250,45,124,5,0
ASPÁSIA,2022,17,10,1,14,0,0
ASPÁSIA,2023,19,17,1,16,1,0
ASPÁSIA,2024,12,11,1,11,0,0
ASPÁSIA,2025,5,5,1,2,1,0
ASSIS,2022,748,615,114,595,51,54
ASSIS,2023,747,612,132,627,43,37
ASSIS,2024,806,688,196,654,50,29
ASSIS,2025,239,197,47,83,4,0
ATIBAIA,2022,1392,1108,291,989,145,149
ATIBAIA,2023,1342,1059,352,911,168,164
ATIBAIA,2024,1287,1052,405,880,170,120
ATIBAIA,2025,415,310,86,166,6,4
AURIFLAMA,2022,110,43,30,27,20,63
AURIFLAMA,2023,89,49,24,12,10,66
AURIFLAMA,2024,102,74,12,80,3,7
AURIFLAMA,2025,38,31,4,14,0,0
AVANHANDAVA,2022,68,34,37,64,1,1
AVANHANDAVA,2023,124,80,36,119,1,0
AVANHANDAVA,2024,119,96,5,111,1,2
AVANHANDAVA,2025,38,32,2,9,0,0
AVARÉ,2022,964,592,13,657,181,104
AVARÉ,2023,880,572,193,449,158,245
AVARÉ,2024,960,796,671,128,133,641
AVARÉ,2025,330,256,185,65,72,13
AVAÍ,2022,68,47,2,61,1,0
AVAÍ,2023,50,30,1,47,0,1
AVAÍ,2024,50,40,3,44,0,5
AVAÍ,2025,19,18,1,5,0,0
BADY BASSITT,2022,283,215,29,207,30,21
BADY BASSITT,2023,298,228,53,242,16,16
BADY BASSITT,2024,325,267,160,210,28,64
BADY BASSITT,2025,100,77,20,41,2,0
BALBINOS,2022,13,13,4,13,0,0
BALBINOS,2023,15,12,2,12,1,1
BALBINOS,2024,11,10,1,11,0,0
BALBINOS,2025,3,1,0,1,1,0
BANANAL,2022,83,54,25,68,2,5
BANANAL,2023,82,69,42,61,9,4
BANANAL,2024,100,75,35,80,6,7
BANANAL,2025,23,20,6,7,0,0
BARBOSA,2022,84,59,30,11,8,56
BARBOSA,2023,73,51,3,16,10,36
BARBOSA,2024,80,71,1,51,15,4
BARBOSA,2025,27,23,0,14,0,0
BARIRI,2022,190,134,16,32,25,129
BARIRI,2023,207,152,29,44,22,133
BARIRI,2024,251,191,54,61,32,153
BARIRI,2025,62,46,4,19,6,1
BARRA BONITA,2022,179,116,1,100,38,39
BARRA BONITA,2023,206,135,3,47,27,130
BARRA BONITA,2024,204,172,1,45,20,138
BARRA BONITA,2025,51,38,0,15,8,2
BARRA DO CHAPÉU,2022,96,62,9,39,21,29
BARRA DO CHAPÉU,2023,92,84,11,34,20,32
BARRA DO CHAPÉU,2024,64,54,15,38,15,6
BARRA DO CHAPÉU,2025,27,25,7,11,0,0
BARRA DO TURVO,2022,72,41,15,58,6,2
BARRA DO TURVO,2023,75,45,22,68,1,4
BARRA DO TURVO,2024,84,49,32,44,13,23
BARRA DO TURVO,2025,24,14,8,11,0,0
BARRETOS,2022,963,668,12,206,125,573
BARRETOS,2023,954,707,55,120,76,682
BARRETOS,2024,1065,815,47,152,124,715
BARRETOS,2025,348,279,5,61,37,24
BARRINHA,2022,187,120,0,94,20,72
BARRINHA,2023,267,192,5,54,23,186
BARRINHA,2024,225,158,2,54,35,124
BARRINHA,2025,59,39,0,19,7,4
BARUERI,2022,2810,1962,501,1428,438,909
BARUERI,2023,4661,3024,285,1511,620,2491
BARUERI,2024,3998,3044,15,1121,566,2176
BARUERI,2025,1532,1220,4,238,88,32
BARÃO DE ANTONINA,2022,51,45,7,23,18,9
BARÃO DE ANTONINA,2023,48,39,8,12,9,22
BARÃO DE ANTONINA,2024,41,35,7,9,7,20
BARÃO DE ANTONINA,2025,10,9,1,2,1,0
BASTOS,2022,241,199,99,32,12,189
BASTOS,2023,223,187,93,12,10,196
BASTOS,2024,222,181,85,19,14,180
BASTOS,2025,68,55,20,4,5,13
BATATAIS,2022,385,227,62,176,70,132
BATATAIS,2023,469,355,67,134,81,237
BATATAIS,2024,151,117,2,145,3,0
BATATAIS,2025,143,88,0,56,1,0
BAURU,2022,3218,2421,203,491,319,2206
BAURU,2023,3193,2504,1761,405,316,2230
BAURU,2024,2802,2261,1617,321,325,1918
BAURU,2025,998,825,549,146,127,68
BEBEDOURO,2022,570,454,72,467,27,37
BEBEDOURO,2023,598,487,65,218,81,268
BEBEDOURO,2024,588,494,39,107,59,392
BEBEDOURO,2025,183,149,2,25,21,15
BENTO DE ABREU,2022,27,19,4,3,2,21
BENTO DE ABREU,2023,36,28,2,6,6,24
BENTO DE ABREU,2024,15,11,0,1,3,11
BENTO DE ABREU,2025,10,5,0,4,3,0
BERNARDINO DE CAMPOS,2022,114,103,40,95,3,2
BERNARDINO DE CAMPOS,2023,110,103,91,89,5,1
BERNARDINO DE CAMPOS,2024,120,116,83,101,1,0
BERNARDINO DE CAMPOS,2025,34,31,24,13,0,0
BERTIOGA,2022,943,484,10,283,139,515
BERTIOGA,2023,1162,707,44,284,153,719
BERTIOGA,2024,1082,659,45,228,162,686
BERTIOGA,2025,334,243,17,62,36,45
BILAC,2022,45,40,1,9,4,27
BILAC,2023,47,40,0,9,2,32
BILAC,2024,48,37,2,10,5,32
BILAC,2025,16,14,0,5,1,0
BIRIGUI,2022,925,588,5,190,121,573
BIRIGUI,2023,986,782,3,108,64,743
BIRIGUI,2024,830,650,3,94,63,603
BIRIGUI,2025,333,268,2,47,35,58
BIRITIBA MIRIM,2022,208,123,0,186,13,5
BIRITIBA MIRIM,2024,156,95,0,99,30,27
BIRITIBA MIRIM,2025,86,55,3,23,6,3
BOA ESPERANÇA DO SUL,2022,90,68,0,85,2,3
BOA ESPERANÇA DO SUL,2023,89,78,0,87,2,0
BOA ESPERANÇA DO SUL,2024,73,62,0,70,2,1
BOA ESPERANÇA DO SUL,2025,23,18,0,8,0,0
BOCAINA,2022,119,79,1,27,11,80
BOCAINA,2023,106,83,1,18,12,75
BOCAINA,2024,116,86,1,21,19,75
BOCAINA,2025,37,26,0,6,7,3
BOFETE,2022,129,81,1,56,13,54
BOFETE,2023,129,100,28,27,17,82
BOFETE,2024,130,113,49,112,7,2
BOFETE,2025,32,28,2,15,0,0
BOITUVA,2022,724,603,152,143,59,519
BOITUVA,2023,602,489,164,116,60,426
BOITUVA,2024,609,474,140,122,52,428
BOITUVA,2025,198,152,80,14,22,38
BOM JESUS DOS PERDÕES,2022,265,211,58,240,5,4
BOM JESUS DOS PERDÕES,2023,232,194,17,211,2,3
BOM JESUS DOS PERDÕES,2024,274,226,27,236,8,1
BOM JESUS DOS PERDÕES,2025,88,80,9,26,0,0
BOM SUCESSO DE ITARARÉ,2022,66,41,3,24,19,20
BOM SUCESSO DE ITARARÉ,2023,65,51,21,19,19,22
BOM SUCESSO DE ITARARÉ,2024,57,46,17,25,12,19
BOM SUCESSO DE ITARARÉ,2025,15,13,3,4,1,0
BORACÉIA,2022,76,57,50,12,3,54
BORACÉIA,2023,63,48,37,10,1,49
BORACÉIA,2024,61,50,43,4,2,51
BORACÉIA,2025,20,16,11,1,0,7
BORBOREMA,2022,120,97,69,55,32,22
BORBOREMA,2023,88,75,51,45,21,15
BORBOREMA,2024,104,83,67,71,14,12
BORBOREMA,2025,30,26,12,13,0,1
BOREBI,2022,41,30,0,12,0,28
BOREBI,2023,36,29,0,4,0,32
BOREBI,2024,38,34,0,4,1,30
BOREBI,2025,8,6,0,0,0,4
BORÁ,2022,6,4,0,5,1,0
BORÁ,2023,10,8,0,9,0,1
BORÁ,2024,13,13,0,10,0,0
BOTUCATU,2022,1348,1092,101,455,191,594
BOTUCATU,2023,1298,1069,89,438,176,584
BOTUCATU,2024,1218,1000,142,558,257,300
BOTUCATU,2025,441,338,39,137,17,5
BRAGANÇA PAULISTA,2022,1638,1325,381,538,201,726
BRAGANÇA PAULISTA,2023,1764,1424,167,177,115,1316
BRAGANÇA PAULISTA,2024,1648,1369,61,132,99,1349
BRAGANÇA PAULISTA,2025,562,488,11,52,48,91
BRAÚNA,2022,63,49,18,9,3,50
BRAÚNA,2023,49,41,10,11,2,35
BRAÚNA,2024,48,31,11,9,6,33
BRAÚNA,2025,26,20,0,2,3,2
BREJO ALEGRE,2022,27,19,0,5,2,18
BREJO ALEGRE,2023,28,19,1,6,1,21
BREJO ALEGRE,2024,34,31,0,4,7,22
BREJO ALEGRE,2025,12,6,0,5,2,0
BRODOWSKI,2022,200,148,12,26,16,149
BRODOWSKI,2023,179,147,16,21,25,125
BRODOWSKI,2024,211,168,11,38,49,122
BRODOWSKI,2025,46,35,1,11,2,1
BROTAS,2022,265,155,47,51,38,174
BROTAS,2023,259,189,96,63,48,140
BROTAS,2024,230,182,109,40,30,143
BROTAS,2025,88,65,35,22,19,1
BURI,2022,243,148,77,228,6,3
BURI,2023,370,276,212,334,17,5
BURI,2024,317,276,210,271,15,6
BURI,2025,102,86,42,34,1,0
BURITAMA,2022,151,108,1,15,8,114
BURITAMA,2023,97,74,1,7,7,75
BURITAMA,2024,121,105,1,3,3,103
BURITAMA,2025,44,34,0,3,9,15
BURITIZAL,2022,42,8,1,11,4,26
BURITIZAL,2023,36,27,0,4,4,25
BURITIZAL,2024,38,25,0,5,3,29
BURITIZAL,2025,9,9,0,1,2,1
BÁLSAMO,2022,92,75,16,88,3,0
BÁLSAMO,2023,84,74,45,74,0,3
BÁLSAMO,2024,98,89,58,89,3,1
BÁLSAMO,2025,29,26,18,9,0,0
CABREÚVA,2022,479,369,42,290,63,106
CABREÚVA,2023,422,334,24,266,47,99
CABREÚVA,2024,504,411,34,378,48,67
CABREÚVA,2025,137,107,11,28,3,0
CABRÁLIA PAULISTA,2022,55,44,25,2,2,51
CABRÁLIA PAULISTA,2023,56,50,18,5,0,46
CABRÁLIA PAULISTA,2024,41,38,15,2,0,36
CABRÁLIA PAULISTA,2025,18,16,0,1,1,3
CACHOEIRA PAULISTA,2022,219,125,51,127,46,45
CACHOEIRA PAULISTA,2023,224,146,36,119,39,62
CACHOEIRA PAULISTA,2024,178,129,24,79,41,55
CACHOEIRA PAULISTA,2025,76,53,7,19,5,7
CACONDE,2022,185,158,172,22,32,124
CACONDE,2023,167,141,154,13,8,136
CACONDE,2024,150,126,133,84,38,25
CACONDE,2025,56,43,32,15,4,0
CAFELÂNDIA,2022,142,103,8,35,13,92
CAFELÂNDIA,2023,118,83,2,32,16,68
CAFELÂNDIA,2024,128,89,10,29,13,85
CAFELÂNDIA,2025,36,26,4,7,7,3
CAIABU,2022,39,30,12,37,1,1
CAIABU,2023,42,30,12,40,0,0
CAIABU,2024,38,29,14,36,0,1
CAIABU,2025,15,10,5,6,0,0
CAIEIRAS,2022,592,330,16,374,73,139
CAIEIRAS,2023,575,370,9,446,64,58
CAIEIRAS,2024,681,491,31,563,68,34
CAIEIRAS,2025,219,132,3,93,12,3
CAIUÁ,2022,25,12,1,8,4,12
CAIUÁ,2023,34,23,6,8,4,22
CAIUÁ,2024,29,23,4,2,5,20
CAIUÁ,2025,7,5,0,1,0,2
CAJAMAR,2022,999,753,98,681,110,165
CAJAMAR,2023,1026,796,253,674,158,155
CAJAMAR,2024,1029,835,419,713,143,119
CAJAMAR,2025,339,266,106,116,5,0
CAJATI,2022,439,339,179,317,46,45
CAJATI,2023,415,344,225,272,43,80
CAJATI,2024,367,314,201,200,63,74
CAJATI,2025,125,109,40,45,2,1
CAJOBI,2022,76,62,11,71,1,1
CAJOBI,2023,43,36,1,36,1,1
CAJOBI,2024,76,64,1,65,0,5
CAJOBI,2025,24,22,0,5,0,0
CAJURU,2022,241,156,35,64,46,110
CAJURU,2023,209,190,51,19,13,147
CAJURU,2024,239,217,59,31,38,146
CAJURU,2025,62,58,9,10,4,1
CAMPINA DO MONTE ALEGRE,2022,83,69,12,70,4,1
CAMPINA DO MONTE ALEGRE,2023,59,48,8,56,0,1
CAMPINA DO MONTE ALEGRE,2024,67,60,14,62,0,2
CAMPINA DO MONTE ALEGRE,2025,27,23,7,9,0,0
CAMPINAS,2022,8070,6105,1126,6162,632,844
CAMPINAS,2023,7954,6209,1343,5968,641,855
CAMPINAS,2024,7684,6292,1524,5500,779,868
CAMPINAS,2025,2697,2194,432,971,64,9
CAMPO LIMPO PAULISTA,2022,72,25,0,72,0,0
CAMPO LIMPO PAULISTA,2023,268,149,5,254,6,4
CAMPO LIMPO PAULISTA,2024,486,352,13,431,27,16
CAMPO LIMPO PAULISTA,2025,118,84,1,64,1,0
CAMPOS DO JORDÃO,2022,658,463,144,140,105,401
CAMPOS DO JORDÃO,2023,572,455,135,129,79,355
CAMPOS DO JORDÃO,2024,656,552,128,90,48,504
CAMPOS DO JORDÃO,2025,177,136,28,30,25,18
CAMPOS NOVOS PAULISTA,2022,53,46,1,7,3,40
CAMPOS NOVOS PAULISTA,2023,81,68,37,5,4,65
CAMPOS NOVOS PAULISTA,2024,78,67,24,5,1,62
CAMPOS NOVOS PAULISTA,2025,26,26,2,1,2,5
CANANÉIA,2022,89,54,21,67,8,12
CANANÉIA,2023,69,51,10,53,9,6
CANANÉIA,2024,61,33,6,45,8,6
CANANÉIA,2025,23,15,2,9,0,0
CANAS,2022,8,7,1,7,1,0
CANAS,2023,49,33,1,44,5,0
CANAS,2024,43,28,1,41,2,0
CANAS,2025,15,5,0,9,0,0
CANITAR,2022,66,55,25,61,2,0
CANITAR,2023,84,53,10,60,6,15
CANITAR,2024,106,89,36,17,13,69
CANITAR,2025,39,31,9,9,3,4
CAPELA DO ALTO,2022,241,151,8,66,37,134
CAPELA DO ALTO,2023,257,199,3,38,40,171
CAPELA DO ALTO,2024,262,214,4,40,33,182
CAPELA DO ALTO,2025,96,77,1,13,22,8
CAPIVARI,2022,427,336,263,48,23,330
CAPIVARI,2023,413,342,278,26,20,334
CAPIVARI,2024,391,333,280,30,17,313
CAPIVARI,2025,138,122,20,5,8,25
CAPÃO BONITO,2022,581,425,132,167,85,315
CAPÃO BONITO,2023,576,400,215,113,72,378
CAPÃO BONITO,2024,643,488,221,144,69,418
CAPÃO BONITO,2025,196,157,63,34,20,10
CARAGUATATUBA,2022,1755,1383,512,1074,248,282
CARAGUATATUBA,2023,1561,1093,248,577,333,544
CARAGUATATUBA,2024,1539,1177,209,714,321,387
CARAGUATATUBA,2025,599,438,84,247,15,4
CARAPICUÍBA,2022,3969,2948,140,3463,234,94
CARAPICUÍBA,2023,3923,3046,118,3147,400,208
CARAPICUÍBA,2024,3732,3019,96,3053,346,137
CARAPICUÍBA,2025,929,723,11,425,7,1
CARDOSO,2022,90,62,33,77,8,3
CARDOSO,2023,57,41,24,52,0,1
CARDOSO,2024,88,79,53,80,2,3
CARDOSO,2025,31,29,18,7,0,0
CASA BRANCA,2022,267,229,57,220,7,9
CASA BRANCA,2023,239,201,71,191,11,17
CASA BRANCA,2024,227,207,46,197,4,5
CASA BRANCA,2025,82,74,16,18,1,1
CASTILHO,2022,153,94,67,30,16,106
CASTILHO,2023,158,108,30,30,20,100
CASTILHO,2024,134,101,28,19,17,92
CASTILHO,2025,39,27,3,12,1,2
CATANDUVA,2022,821,619,97,105,72,575
CATANDUVA,2023,790,625,252,76,44,612
CATANDUVA,2024,793,661,19,87,40,610
CATANDUVA,2025,271,231,1,19,18,32
CATIGUÁ,2022,24,19,0,22,1,0
CATIGUÁ,2023,41,34,0,37,1,2
CATIGUÁ,2024,30,29,0,28,0,2
CATIGUÁ,2025,6,5,0,1,0,0
CAÇAPAVA,2022,797,616,139,608,83,40
CAÇAPAVA,2023,734,612,165,457,114,99
CAÇAPAVA,2024,590,429,136,364,110,65
CAÇAPAVA,2025,237,193,46,75,14,2
CEDRAL,2022,108,87,5,95,2,1
CEDRAL,2023,143,113,2,44,18,67
CEDRAL,2024,127,105,4,26,28,58
CEDRAL,2025,37,33,0,6,1,2
CERQUEIRA CÉSAR,2022,196,127,1,161,19,9
CERQUEIRA CÉSAR,2023,209,162,3,185,13,3
CERQUEIRA CÉSAR,2024,210,166,35,184,12,6
CERQUEIRA CÉSAR,2025,73,52,7,38,1,0
CERQUILHO,2022,399,232,1,136,80,180
CERQUILHO,2023,343,277,0,61,39,236
CERQUILHO,2024,317,237,3,60,57,195
CERQUILHO,2025,122,89,1,20,14,19
CESÁRIO LANGE,2022,251,215,6,227,1,3
CESÁRIO LANGE,2023,191,175,20,156,1,11
CESÁRIO LANGE,2024,187,174,15,166,4,3
CESÁRIO LANGE,2025,79,71,7,31,0,0
CHARQUEADA,2022,140,103,1,43,39,56
CHARQUEADA,2023,154,120,25,21,15,114
CHARQUEADA,2024,145,115,17,15,4,121
CHARQUEADA,2025,53,47,0,5,6,10
CHAVANTES,2022,156,98,2,35,16,101
CHAVANTES,2023,206,120,0,71,7,118
CHAVANTES,2024,157,105,0,35,20,93
CHAVANTES,2025,50,33,2,13,4,6
CLEMENTINA,2022,76,54,0,69,1,2
CLEMENTINA,2023,70,53,20,58,6,1
CLEMENTINA,2024,73,61,11,67,0,2
CLEMENTINA,2025,28,19,5,11,0,0
COLINA,2022,153,107,54,24,15,111
COLINA,2023,173,127,51,18,14,135
COLINA,2024,139,108,55,20,13,99
COLINA,2025,46,34,12,11,8,3
COLÔMBIA,2022,93,72,22,80,3,4
COLÔMBIA,2023,90,71,26,75,3,5
COLÔMBIA,2024,69,62,41,59,6,0
COLÔMBIA,2025,22,17,4,9,1,0
CONCHAL,2022,358,267,76,177,47,117
CONCHAL,2023,307,241,89,115,45,132
CONCHAL,2024,360,290,116,90,37,214
CONCHAL,2025,129,103,29,34,10,2
CONCHAS,2022,154,107,95,111,21,12
CONCHAS,2023,156,122,118,141,1,4
CONCHAS,2024,115,103,88,100,2,1
CONCHAS,2025,55,45,38,19,0,1
CORDEIRÓPOLIS,2022,244,197,33,172,21,32
CORDEIRÓPOLIS,2023,222,203,12,159,13,30
CORDEIRÓPOLIS,2024,210,191,14,145,25,22
CORDEIRÓPOLIS,2025,64,51,2,19,3,1
COROADOS,2022,47,32,5,4,5,37
COROADOS,2023,43,40,0,7,0,30
COROADOS,2024,33,24,12,0,1,31
COROADOS,2025,17,16,2,1,1,1
CORONEL MACEDO,2022,55,44,28,44,2,1
CORONEL MACEDO,2023,51,46,14,47,0,1
CORONEL MACEDO,2024,49,44,7,38,8,1
CORONEL MACEDO,2025,13,11,2,5,1,0
CORUMBATAÍ,2022,53,35,0,25,6,22
CORUMBATAÍ,2023,42,35,1,8,17,13
CORUMBATAÍ,2024,17,13,0,11,3,3
CORUMBATAÍ,2025,16,10,1,4,4,2
COSMORAMA,2022,76,64,23,65,4,0
COSMORAMA,2023,98,83,33,87,1,4
COSMORAMA,2024,75,66,41,57,3,4
COSMORAMA,2025,27,23,9,10,1,0
COSMÓPOLIS,2022,523,389,15,292,36,153
COSMÓPOLIS,2023,454,351,41,257,32,131
COSMÓPOLIS,2024,431,370,59,310,21,74
COSMÓPOLIS,2025,175,133,15,66,6,2
COTIA,2022,2378,1402,18,1311,424,617
COTIA,2023,2570,1929,51,730,442,1333
COTIA,2024,2505,1815,34,839,560,1056
COTIA,2025,839,585,1,285,98,14
CRAVINHOS,2022,117,42,0,78,17,22
CRAVINHOS,2023,318,214,91,84,45,180
CRAVINHOS,2024,256,213,153,42,21,183
CRAVINHOS,2025,76,62,12,18,13,3
CRISTAIS PAULISTA,2022,95,83,8,84,3,0
CRISTAIS PAULISTA,2023,78,69,11,73,0,4
CRISTAIS PAULISTA,2024,77,64,13,69,1,1
CRISTAIS PAULISTA,2025,24,20,4,6,0,0
CRUZEIRO,2022,293,155,34,254,28,8
CRUZEIRO,2023,421,278,61,358,32,13
CRUZEIRO,2024,418,311,118,329,39,32
CRUZEIRO,2025,189,132,28,66,3,1
CRUZÁLIA,2022,22,17,0,5,1,15
CRUZÁLIA,2023,22,18,11,4,1,17
CRUZÁLIA,2024,11,10,8,0,0,11
CRUZÁLIA,2025,4,4,2,1,1,0
CUBATÃO,2022,218,116,20,134,42,42
CUBATÃO,2023,848,435,48,369,156,299
CUBATÃO,2024,979,606,92,325,163,453
CUBATÃO,2025,357,242,30,88,35,25
CUNHA,2022,267,122,35,139,49,75
CUNHA,2023,191,115,14,160,18,9
CUNHA,2024,225,174,1,209,7,1
CUNHA,2025,64,50,1,19,0,0
CÁSSIA DOS COQUEIROS,2022,27,23,2,10,3,13
CÁSSIA DOS COQUEIROS,2023,20,15,4,7,5,7
CÁSSIA DOS COQUEIROS,2024,17,15,3,8,8,1
CÁSSIA DOS COQUEIROS,2025,2,0,1,2,0,0
CÂNDIDO MOTA,2022,305,222,29,288,3,3
CÂNDIDO MOTA,2023,276,233,34,252,3,4
CÂNDIDO MOTA,2024,218,181,11,199,3,0
CÂNDIDO MOTA,2025,80,70,14,33,0,0
CÂNDIDO RODRIGUES,2022,17,7,1,15,1,1
CÂNDIDO RODRIGUES,2023,16,7,1,13,0,0
CÂNDIDO RODRIGUES,2024,20,11,1,17,1,1
CÂNDIDO RODRIGUES,2025,5,4,1,2,0,0
DESCALVADO,2022,288,239,118,34,19,201
DESCALVADO,2023,241,212,128,25,19,175
DESCALVADO,2024,209,183,118,29,22,146
DESCALVADO,2025,57,49,32,10,6,3
DIADEMA,2022,3280,2521,744,2243,396,368
DIADEMA,2023,3114,2449,789,1970,449,454
DIADEMA,2024,3009,2474,914,2023,411,353
DIADEMA,2025,1055,847,258,378,26,0
DIRCE REIS,2022,7,6,3,5,1,1
DIRCE REIS,2023,12,4,0,8,2,1
DIRCE REIS,2024,17,13,1,16,0,0
DIRCE REIS,2025,6,2,0,3,0,0
DIVINOLÂNDIA,2022,80,54,6,61,9,5
DIVINOLÂNDIA,2023,96,68,1,47,13,32
DIVINOLÂNDIA,2024,75,45,2,28,11,34
DIVINOLÂNDIA,2025,31,21,0,16,2,0
DOBRADA,2022,96,77,18,50,23,13
DOBRADA,2023,74,63,12,46,9,11
DOBRADA,2024,87,69,3,69,5,7
DOBRADA,2025,31,25,0,9,0,0
DOIS CÓRREGOS,2022,126,52,1,117,5,1
DOIS CÓRREGOS,2023,141,73,3,131,2,5
DOIS CÓRREGOS,2024,251,177,1,84,18,131
DOIS CÓRREGOS,2025,72,53,0,10,16,9
DOLCINÓPOLIS,2022,33,26,1,30,2,1
DOLCINÓPOLIS,2023,22,19,9,22,0,0
DOLCINÓPOLIS,2024,27,21,8,26,1,0
DOLCINÓPOLIS,2025,1,1,0,0,0,0
DOURADO,2022,71,52,1,55,3,4
DOURADO,2023,73,60,1,34,17,18
DOURADO,2024,56,45,0,32,10,9
DOURADO,2025,18,12,0,5,0,0
DRACENA,2022,325,269,25,237,13,60
DRACENA,2023,309,263,147,166,38,78
DRACENA,2024,345,305,198,238,37,31
DRACENA,2025,107,87,48,35,2,2
DUARTINA,2022,141,114,32,18,7,113
DUARTINA,2023,114,99,61,7,7,85
DUARTINA,2024,106,82,34,6,8,79
DUARTINA,2025,39,35,12,4,6,3
DUMONT,2022,73,59,18,61,1,3
DUMONT,2023,62,47,10,57,0,2
DUMONT,2024,66,50,23,41,11,11
DUMONT,2025,20,18,6,5,0,0
ECHAPORÃ,2022,90,50,5,50,14,22
ECHAPORÃ,2023,89,64,14,15,12,57
ECHAPORÃ,2024,50,39,5,10,11,28
ECHAPORÃ,2025,32,11,3,7,5,7
ELDORADO,2022,171,132,48,133,19,7
ELDORADO,2023,156,123,72,123,18,4
ELDORADO,2024,151,118,63,130,6,3
ELDORADO,2025,50,39,10,18,0,0
ELIAS FAUSTO,2022,170,130,51,57,23,84
ELIAS FAUSTO,2023,179,134,21,35,18,111
ELIAS FAUSTO,2024,129,106,18,8,18,90
ELIAS FAUSTO,2025,46,38,1,9,6,5
ELISIÁRIO,2022,18,13,5,16,0,0
ELISIÁRIO,2023,19,14,1,16,2,1
ELISIÁRIO,2024,26,23,7,22,0,1
ELISIÁRIO,2025,10,8,6,7,0,0
EMBAÚBA,2022,20,12,0,6,1,12
EMBAÚBA,2023,19,12,0,3,2,13
EMBAÚBA,2024,6,5,0,3,0,3
EMBAÚBA,2025,1,1,0,0,1,0
EMBU DAS ARTES,2022,3336,2213,136,1166,571,1508
EMBU DAS ARTES,2023,3278,2497,245,1577,722,871
EMBU DAS ARTES,2024,3036,2474,514,2243,407,218
EMBU DAS ARTES,2025,1131,922,169,480,10,1
EMBU-GUAÇU,2022,611,399,61,491,61,38
EMBU-GUAÇU,2023,634,374,69,525,60,25
EMBU-GUAÇU,2024,574,388,37,496,28,22
EMBU-GUAÇU,2025,177,124,7,91,2,0
EMILIANÓPOLIS,2022,36,29,2,31,0,0
EMILIANÓPOLIS,2023,23,17,4,15,5,1
EMILIANÓPOLIS,2024,27,25,5,22,1,1
EMILIANÓPOLIS,2025,6,5,2,0,0,0
ENGENHEIRO COELHO,2022,292,204,23,119,63,102
ENGENHEIRO COELHO,2023,257,182,23,201,17,37
ENGENHEIRO COELHO,2024,196,149,23,157,22,10
ENGENHEIRO COELHO,2025,82,57,11,30,2,0
ESPÍRITO SANTO DO PINHAL,2022,237,178,1,28,13,180
ESPÍRITO SANTO DO PINHAL,2023,267,206,2,24,17,204
ESPÍRITO SANTO DO PINHAL,2024,230,182,1,22,6,182
ESPÍRITO SANTO DO PINHAL,2025,86,71,0,9,4,23
ESPÍRITO SANTO DO TURVO,2022,70,66,3,61,2,2
ESPÍRITO SANTO DO TURVO,2023,64,53,42,54,1,3
ESPÍRITO SANTO DO TURVO,2024,51,49,35,44,2,1
ESPÍRITO SANTO DO TURVO,2025,26,25,19,9,0,0
ESTIVA GERBI,2022,83,59,1,48,13,16
ESTIVA GERBI,2023,99,67,18,24,18,57
ESTIVA GERBI,2024,78,53,3,25,9,44
ESTIVA GERBI,2025,25,15,0,6,4,2
ESTRELA D'OESTE,2022,84,70,28,69,6,1
ESTRELA D'OESTE,2023,67,58,25,57,3,2
ESTRELA D'OESTE,2024,77,69,26,59,2,4
ESTRELA D'OESTE,2025,20,18,2,4,0,0
ESTRELA DO NORTE,2022,28,19,4,25,2,0
ESTRELA DO NORTE,2023,14,13,9,13,0,0
ESTRELA DO NORTE,2024,21,20,15,20,0,1
ESTRELA DO NORTE,2025,11,11,8,3,0,0
EUCLIDES DA CUNHA PAULISTA,2022,87,79,22,76,0,1
EUCLIDES DA CUNHA PAULISTA,2023,82,75,18,65,3,5
EUCLIDES DA CUNHA PAULISTA,2024,82,69,42,43,6,20
EUCLIDES DA CUNHA PAULISTA,2025,32,26,13,15,1,0
FARTURA,2022,182,153,70,120,11,29
FARTURA,2023,155,121,37,44,33,72
FARTURA,2024,161,123,7,25,20,115
FARTURA,2025,45,37,3,1,4,11
FERNANDO PRESTES,2022,38,31,5,34,1,2
FERNANDO PRESTES,2023,52,35,13,46,2,1
FERNANDO PRESTES,2024,58,52,11,50,1,1
FERNANDO PRESTES,2025,11,9,3,2,0,0
FERNANDÓPOLIS,2022,588,492,230,86,63,407
FERNANDÓPOLIS,2023,559,493,236,61,45,404
FERNANDÓPOLIS,2024,528,467,200,64,54,375
FERNANDÓPOLIS,2025,194,172,47,20,20,16
FERNÃO,2022,21,18,16,6,6,7
FERNÃO,2023,18,15,11,15,0,1
FERNÃO,2024,21,21,16,18,0,1
FERNÃO,2025,8,8,3,2,0,0
FERRAZ DE VASCONCELOS,2022,1933,979,86,791,288,850
FERRAZ DE VASCONCELOS,2023,1985,1491,54,689,257,1013
FERRAZ DE VASCONCELOS,2024,2017,1543,24,489,277,1145
FERRAZ DE VASCONCELOS,2025,728,591,5,131,82,31
FLORA RICA,2022,13,8,4,4,0,9
FLORA RICA,2023,16,12,0,3,1,12
FLORA RICA,2024,18,15,0,5,0,12
FLORA RICA,2025,3,3,2,0,0,0
FLOREAL,2022,22,15,0,18,1,1
FLOREAL,2023,17,16,3,12,0,2
FLOREAL,2024,14,12,5,13,0,1
FLOREAL,2025,8,6,1,4,0,0
FLORÍNEA,2022,31,16,3,2,1,27
FLORÍNEA,2023,29,23,0,5,2,20
FLORÍNEA,2024,21,17,0,8,1,10
FLORÍNEA,2025,8,5,1,0,0,2
FLÓRIDA PAULISTA,2022,78,61,21,6,1,70
FLÓRIDA PAULISTA,2023,101,78,34,12,5,82
FLÓRIDA PAULISTA,2024,79,62,27,31,7,33
FLÓRIDA PAULISTA,2025,16,15,7,1,1,2
FRANCA,2022,2655,1442,33,974,503,1121
FRANCA,2023,2614,1708,381,715,451,1343
FRANCA,2024,2638,1889,518,840,587,1119
FRANCA,2025,883,621,100,310,82,28
FRANCISCO MORATO,2022,2114,1382,20,1331,374,344
FRANCISCO MORATO,2023,2238,1609,6,993,395,767
FRANCISCO MORATO,2024,2179,1647,16,667,384,1022
FRANCISCO MORATO,2025,711,560,6,159,87,21
FRANCO DA ROCHA,2022,1604,1244,190,1299,110,105
FRANCO DA ROCHA,2023,1497,1207,277,1028,199,182
FRANCO DA ROCHA,2024,1557,1263,559,1154,157,131
FRANCO DA ROCHA,2025,561,444,119,191,5,4
GABRIEL MONTEIRO,2022,34,28,1,30,0,0
GABRIEL MONTEIRO,2023,19,17,1,19,0,0
GABRIEL MONTEIRO,2024,22,18,1,16,1,3
GABRIEL MONTEIRO,2025,7,6,1,2,1,0
GARÇA,2022,413,309,2,114,72,219
GARÇA,2023,404,306,1,75,37,288
GARÇA,2024,397,309,2,40,28,323
GARÇA,2025,134,110,2,13,8,25
GASTÃO VIDIGAL,2022,33,24,6,26,2,5
GASTÃO VIDIGAL,2023,31,26,9,30,1,0
GASTÃO VIDIGAL,2024,22,16,5,17,3,2
GASTÃO VIDIGAL,2025,11,6,3,5,0,0
GAVIÃO PEIXOTO,2022,56,48,25,49,1,2
GAVIÃO PEIXOTO,2023,50,41,19,49,1,0
GAVIÃO PEIXOTO,2024,45,42,14,38,0,2
GAVIÃO PEIXOTO,2025,17,14,3,5,0,0
GENERAL SALGADO,2022,98,86,51,25,21,43
GENERAL SALGADO,2023,82,62,51,20,18,40
GENERAL SALGADO,2024,90,80,54,23,14,46
GENERAL SALGADO,2025,28,22,15,2,4,3
GETULINA,2022,57,46,2,7,9,40
GETULINA,2023,59,51,3,10,0,49
GETULINA,2024,37,31,1,2,2,31
GETULINA,2025,16,13,0,3,4,1
GLICÉRIO,2022,38,21,1,9,5,23
GLICÉRIO,2023,33,22,0,4,3,25
GLICÉRIO,2024,30,19,0,6,2,22
GLICÉRIO,2025,4,3,0,1,0,0
GUAIMBÊ,2022,65,49,9,16,11,31
GUAIMBÊ,2023,43,35,9,6,5,31
GUAIMBÊ,2024,60,49,11,5,3,51
GUAIMBÊ,2025,15,14,2,0,0,1
GUAIÇARA,2022,148,125,61,21,5,109
GUAIÇARA,2023,126,107,74,5,7,103
GUAIÇARA,2024,112,95,21,14,5,88
GUAIÇARA,2025,45,40,3,3,1,8
GUAPIARA,2022,105,69,12,66,18,14
GUAPIARA,2023,202,129,24,66,37,90
GUAPIARA,2024,161,124,5,38,46,69
GUAPIARA,2025,61,46,1,23,1,0
GUAPIAÇU,2022,226,192,19,28,13,162
GUAPIAÇU,2023,237,213,23,10,5,208
GUAPIAÇU,2024,231,210,12,11,5,191
GUAPIAÇU,2025,80,71,0,4,2,15
GUARACI,2022,106,72,0,41,11,54
GUARACI,2023,78,52,3,19,10,47
GUARACI,2024,97,67,1,17,9,71
GUARACI,2025,23,17,0,6,2,1
GUARANI D'OESTE,2022,20,15,12,5,8,4
GUARANI D'OESTE,2023,23,21,7,13,3,1
GUARANI D'OESTE,2024,14,13,2,13,0,0
GUARANI D'OESTE,2025,4,4,0,0,0,0
GUARANTÃ,2022,62,49,41,6,3,50
GUARANTÃ,2023,64,53,28,7,2,51
GUARANTÃ,2024,76,62,32,6,7,54
GUARANTÃ,2025,19,13,7,2,3,2
GUARARAPES,2022,245,197,43,36,15,193
GUARARAPES,2023,212,177,110,16,4,175
GUARARAPES,2024,197,173,149,10,7,165
GUARARAPES,2025,79,61,53,4,4,21
GUARAREMA,2022,356,265,79,42,19,273
GUARAREMA,2023,337,271,215,21,16,281
GUARAREMA,2024,302,209,152,33,28,219
GUARAREMA,2025,135,100,79,31,12,21
GUARATINGUETÁ,2022,979,751,11,270,171,478
GUARATINGUETÁ,2023,1001,745,19,204,155,611
GUARATINGUETÁ,2024,996,785,20,276,148,553
GUARATINGUETÁ,2025,354,296,26,67,40,13
GUARAÇAÍ,2022,52,43,12,8,2,37
GUARAÇAÍ,2023,51,42,17,4,3,43
GUARAÇAÍ,2024,48,39,6,2,1,44
GUARAÇAÍ,2025,23,16,5,2,1,7
GUAREÍ,2022,159,134,69,118,21,5
GUAREÍ,2023,154,132,84,78,26,34
GUAREÍ,2024,132,110,81,87,10,26
GUAREÍ,2025,48,40,24,9,3,0
GUARIBA,2022,475,320,8,304,94,75
GUARIBA,2023,328,260,7,76,53,186
GUARIBA,2024,318,268,2,23,19,255
GUARIBA,2025,90,76,0,7,9,13
GUARUJÁ,2022,2003,1006,266,1050,342,594
GUARUJÁ,2023,2577,1395,244,1152,413,993
GUARUJÁ,2024,1944,1090,125,1158,334,428
GUARUJÁ,2025,852,434,15,455,33,5
GUARULHOS,2022,11323,5571,211,6147,2391,2727
GUARULHOS,2023,11664,7009,1061,6371,2382,2803
GUARULHOS,2024,10486,6681,1453,6544,1957,1857
GUARULHOS,2025,3450,2095,415,1577,147,22
GUARÁ,2022,134,108,21,81,24,10
GUARÁ,2023,141,114,48,56,38,35
GUARÁ,2024,119,97,35,79,15,19
GUARÁ,2025,49,34,1,22,1,1
GUATAPARÁ,2022,68,52,1,14,16,35
GUATAPARÁ,2023,78,68,6,34,25,12
GUATAPARÁ,2024,74,70,10,58,7,1
GUATAPARÁ,2025,21,21,3,5,0,0
GUAÍRA,2022,307,265,144,26,14,241
GUAÍRA,2023,301,248,144,19,19,244
GUAÍRA,2024,296,256,140,18,16,241
GUAÍRA,2025,94,78,19,7,11,7
GUZOLÂNDIA,2022,42,23,18,7,3,31
GUZOLÂNDIA,2023,33,24,21,3,2,28
GUZOLÂNDIA,2024,39,31,8,5,2,32
GUZOLÂNDIA,2025,15,13,0,3,0,2
GÁLIA,2022,67,50,15,12,7,47
GÁLIA,2023,49,33,6,7,1,38
GÁLIA,2024,57,46,10,6,9,40
GÁLIA,2025,20,18,2,1,1,4
HERCULÂNDIA,2022,79,67,0,56,8,14
HERCULÂNDIA,2023,102,79,10,22,9,66
HERCULÂNDIA,2024,103,73,3,14,19,61
HERCULÂNDIA,2025,22,17,0,4,2,2
HOLAMBRA,2022,192,125,112,57,38,96
HOLAMBRA,2023,144,88,53,37,26,79
HOLAMBRA,2024,154,85,46,86,31,35
HOLAMBRA,2025,8,4,0,3,0,0
HORTOLÂNDIA,2022,2050,1587,285,1143,261,555
HORTOLÂNDIA,2023,1968,1496,31,741,348,791
HORTOLÂNDIA,2024,1899,1551,25,1446,208,141
HORTOLÂNDIA,2025,668,543,7,146,81,18
IACANGA,2022,126,101,4,111,3,2
IACANGA,2023,118,111,0,107,2,3
IACANGA,2024,122,119,5,106,1,2
IACANGA,2025,34,34,28,6,0,0
IACRI,2022,58,40,7,9,3,45
IACRI,2023,88,56,21,20,6,62
IACRI,2024,38,32,18,5,1,32
IACRI,2025,16,13,1,2,0,6
IARAS,2022,69,32,0,64,2,0
IARAS,2023,64,38,3,58,3,2
IARAS,2024,65,40,17,46,5,10
IARAS,2025,23,14,5,11,1,0
IBATÉ,2022,404,310,246,58,40,292
IBATÉ,2023,366,308,164,55,36,261
IBATÉ,2024,339,257,128,46,43,239
IBATÉ,2025,114,87,32,20,12,14
IBIRAREMA,2022,75,66,33,10,5,57
IBIRAREMA,2023,63,53,17,7,1,53
IBIRAREMA,2024,71,58,19,6,0,61
IBIRAREMA,2025,35,27,3,6,4,10
IBIRÁ,2022,135,120,69,62,15,46
IBIRÁ,2023,101,92,73,46,13,32
IBIRÁ,2024,113,108,74,52,5,35
IBIRÁ,2025,39,35,22,10,2,0
IBITINGA,2022,580,456,316,115,78,339
IBITINGA,2023,518,436,330,146,101,244
IBITINGA,2024,529,459,314,206,78,219
IBITINGA,2025,156,136,55,34,6,16
IBIÚNA,2022,879,430,165,328,204,342
IBIÚNA,2023,934,609,259,282,170,476
IBIÚNA,2024,820,598,282,221,191,399
IBIÚNA,2025,306,210,44,112,20,0
ICÉM,2022,50,40,10,42,2,0
ICÉM,2023,62,52,29,54,0,1
ICÉM,2024,61,55,25,51,1,2
ICÉM,2025,22,19,3,10,1,0
IEPÊ,2022,91,81,59,84,1,2
IEPÊ,2023,68,62,46,65,0,0
IEPÊ,2024,68,60,34,53,3,1
IEPÊ,2025,20,16,7,10,0,0
IGARAPAVA,2022,203,168,13,170,6,3
IGARAPAVA,2023,197,154,4,171,10,3
IGARAPAVA,2024,176,146,2,158,1,4
IGARAPAVA,2025,63,44,2,26,0,0
IGARATÁ,2022,130,102,35,82,10,27
IGARATÁ,2023,148,120,11,61,20,54
IGARATÁ,2024,112,91,2,62,17,23
IGARATÁ,2025,50,36,1,19,3,1
IGARAÇU DO TIETÊ,2022,5,1,0,5,0,0
IGARAÇU DO TIETÊ,2023,26,6,0,25,0,1
IGARAÇU DO TIETÊ,2024,10,3,1,10,0,0
IGARAÇU DO TIETÊ,2025,3,2,0,1,0,0
IGUAPE,2022,313,226,120,188,64,38
IGUAPE,2023,293,237,188,184,60,25
IGUAPE,2024,292,261,176,237,25,9
IGUAPE,2025,102,91,44,34,1,0
ILHA COMPRIDA,2022,161,123,69,131,9,7
ILHA COMPRIDA,2023,142,111,47,113,14,6
ILHA COMPRIDA,2024,152,125,77,100,26,18
ILHA COMPRIDA,2025,39,36,11,8,0,0
ILHA SOLTEIRA,2022,190,135,2,25,23,129
ILHA SOLTEIRA,2023,191,159,2,16,13,143
ILHA SOLTEIRA,2024,173,137,2,36,23,97
ILHA SOLTEIRA,2025,55,39,0,15,2,7
ILHABELA,2022,539,451,3,118,102,264
ILHABELA,2023,539,436,2,104,110,278
ILHABELA,2024,518,421,0,125,109,249
ILHABELA,2025,187,153,0,46,10,4
INDAIATUBA,2022,1817,1483,339,1053,268,441
INDAIATUBA,2023,1944,1536,224,634,303,906
INDAIATUBA,2024,1857,1528,76,543,288,905
INDAIATUBA,2025,612,494,6,140,61,15
INDIANA,2022,45,40,21,38,2,1
INDIANA,2023,52,49,23,47,1,1
INDIANA,2024,41,35,27,32,2,3
INDIANA,2025,9,7,6,5,0,0
INDIAPORÃ,2022,53,43,23,22,14,12
INDIAPORÃ,2023,35,31,8,24,6,4
INDIAPORÃ,2024,39,35,4,21,12,2
INDIAPORÃ,2025,8,6,0,2,1,0
INÚBIA PAULISTA,2022,23,14,4,7,3,13
INÚBIA PAULISTA,2023,31,21,1,5,3,23
INÚBIA PAULISTA,2024,26,23,0,4,1,21
INÚBIA PAULISTA,2025,12,11,0,0,1,2
IPAUSSU,2022,158,91,6,93,40,24
IPAUSSU,2023,105,79,5,75,11,15
IPAUSSU,2024,130,77,0,127,1,1
IPAUSSU,2025,47,27,0,24,0,0
IPERÓ,2022,358,287,94,279,18,26
IPERÓ,2023,345,290,126,274,8,21
IPERÓ,2024,376,334,136,299,20,17
IPERÓ,2025,108,97,30,27,2,2
IPEÚNA,2022,100,74,50,22,12,61
IPEÚNA,2023,67,54,53,8,2,53
IPEÚNA,2024,61,47,41,8,7,43
IPEÚNA,2025,23,21,21,0,1,7
IPIGUÁ,2022,75,50,23,46,15,10
IPIGUÁ,2023,61,50,41,54,3,2
IPIGUÁ,2024,47,44,21,43,0,1
IPIGUÁ,2025,13,11,4,5,0,0
IPORANGA,2022,66,38,17,41,16,9
IPORANGA,2023,43,30,12,17,16,8
IPORANGA,2024,58,46,9,38,13,2
IPORANGA,2025,13,12,5,4,0,0
IPUÃ,2022,137,115,74,59,34,24
IPUÃ,2023,138,114,78,73,26,17
IPUÃ,2024,150,134,95,90,30,14
IPUÃ,2025,43,39,12,15,0,0
IRACEMÁPOLIS,2022,131,92,43,30,15,80
IRACEMÁPOLIS,2023,136,113,83,16,12,101
IRACEMÁPOLIS,2024,151,124,97,19,10,113
IRACEMÁPOLIS,2025,51,40,18,6,8,7
IRAPURU,2022,43,32,7,41,0,1
IRAPURU,2023,48,39,24,34,1,10
IRAPURU,2024,30,26,15,22,1,4
IRAPURU,2025,15,15,4,5,0,0
IRAPUÃ,2022,77,63,58,13,6,56
IRAPUÃ,2023,75,54,53,10,2,63
IRAPUÃ,2024,79,65,57,11,0,65
IRAPUÃ,2025,23,19,14,2,1,2
ITABERÁ,2022,211,148,25,48,30,131
ITABERÁ,2023,212,155,34,36,16,157
ITABERÁ,2024,223,169,43,26,15,178
ITABERÁ,2025,68,56,9,8,8,5
ITAJOBI,2022,184,150,106,25,17,128
ITAJOBI,2023,167,142,106,17,7,137
ITAJOBI,2024,174,156,133,21,11,131
ITAJOBI,2025,53,42,36,11,10,2
ITAJU,2022,36,18,0,5,5,26
ITAJU,2023,66,54,17,9,8,47
ITAJU,2024,39,22,17,9,6,22
ITAJU,2025,10,7,0,3,0,0
ITANHAÉM,2022,1354,815,296,419,289,611
ITANHAÉM,2023,1250,743,235,605,303,327
ITANHAÉM,2024,794,350,24,427,179,183
ITANHAÉM,2025,343,204,6,145,33,6
ITAPECERICA DA SERRA,2022,1591,888,325,888,278,399
ITAPECERICA DA SERRA,2023,1683,1074,360,898,326,416
ITAPECERICA DA SERRA,2024,1544,1185,339,681,274,517
ITAPECERICA DA SERRA,2025,533,359,31,145,73,33
ITAPETININGA,2022,1726,1363,449,1258,204,148
ITAPETININGA,2023,1570,1358,766,1045,225,213
ITAPETININGA,2024,1563,1396,904,1159,164,149
ITAPETININGA,2025,541,468,227,170,4,3
ITAPEVA,2022,1200,971,501,880,135,102
ITAPEVA,2023,976,763,252,735,105,79
ITAPEVA,2024,1028,763,208,711,114,153
ITAPEVA,2025,398,309,55,118,26,5
ITAPEVI,2022,1835,813,20,1202,352,279
ITAPEVI,2023,2096,1109,77,1397,316,371
ITAPEVI,2024,2644,1943,28,2136,294,183
ITAPEVI,2025,926,706,5,291,47,47
ITAPIRA,2022,513,408,209,414,30,28
ITAPIRA,2023,471,386,161,394,21,28
ITAPIRA,2024,366,291,32,257,39,49
ITAPIRA,2025,122,94,6,38,3,2
ITAPIRAPUÃ PAULISTA,2022,77,58,52,64,6,0
ITAPIRAPUÃ PAULISTA,2023,82,72,53,73,2,0
ITAPIRAPUÃ PAULISTA,2024,63,54,24,55,1,2
ITAPIRAPUÃ PAULISTA,2025,24,19,8,8,0,0
ITAPORANGA,2022,169,122,41,29,9,124
ITAPORANGA,2023,135,111,23,24,24,80
ITAPORANGA,2024,155,115,35,75,55,16
ITAPORANGA,2025,43,32,3,11,4,1
ITAPURA,2022,48,36,17,31,4,11
ITAPURA,2023,42,34,24,38,0,2
ITAPURA,2024,28,24,8,26,0,1
ITAPURA,2025,13,10,5,3,0,0
ITAPUÍ,2022,177,91,0,63,33,80
ITAPUÍ,2023,161,139,1,13,7,129
ITAPUÍ,2024,145,122,2,10,16,110
ITAPUÍ,2025,46,27,1,4,10,11
ITAQUAQUECETUBA,2022,3450,2018,432,2282,585,530
ITAQUAQUECETUBA,2023,3289,2138,175,2432,364,416
ITAQUAQUECETUBA,2024,3161,2060,118,2301,398,415
ITAQUAQUECETUBA,2025,1279,864,5,513,55,7
ITARARÉ,2022,538,444,174,412,64,23
ITARARÉ,2023,509,439,190,362,48,56
ITARARÉ,2024,467,380,70,235,85,120
ITARARÉ,2025,178,130,11,55,6,2
ITARIRI,2022,198,78,0,84,28,84
ITARIRI,2023,190,133,8,35,16,138
ITARIRI,2024,143,92,17,30,17,95
ITARIRI,2025,62,41,7,8,8,12
ITATIBA,2022,847,539,2,145,75,571
ITATIBA,2023,911,666,3,89,48,703
ITATIBA,2024,930,738,2,68,34,766
ITATIBA,2025,289,233,1,34,24,47
ITATINGA,2022,236,166,15,212,2,6
ITATINGA,2023,197,171,26,175,3,8
ITATINGA,2024,198,164,72,171,6,4
ITATINGA,2025,43,30,9,19,0,0
ITAÍ,2022,254,187,125,195,19,29
ITAÍ,2023,283,221,92,47,22,196
ITAÍ,2024,270,179,43,64,54,141
ITAÍ,2025,112,76,14,20,23,16
ITAÓCA,2022,43,33,0,42,0,0
ITAÓCA,2023,41,31,1,38,2,0
ITAÓCA,2024,31,24,1,29,0,0
ITAÓCA,2025,9,7,1,2,0,1
ITIRAPINA,2022,124,103,1,25,16,82
ITIRAPINA,2023,119,105,2,33,25,61
ITIRAPINA,2024,67,47,0,59,4,4
ITIRAPINA,2025,24,15,0,8,0,0
ITIRAPUÃ,2022,55,41,19,37,10,5
ITIRAPUÃ,2023,64,56,34,35,11,11
ITIRAPUÃ,2024,55,46,31,37,10,4
ITIRAPUÃ,2025,25,23,7,9,1,1
ITOBI,2022,74,46,3,16,23,35
ITOBI,2023,61,32,6,15,10,36
ITOBI,2024,81,71,20,5,7,67
ITOBI,2025,21,18,11,1,3,3
ITU,2022,1624,1201,4,461,225,853
ITU,2023,1556,1265,5,468,220,827
ITU,2024,1510,1227,5,509,274,689
ITU,2025,544,454,0,112,55,14
ITUPEVA,2022,464,351,5,126,83,254
ITUPEVA,2023,465,358,2,171,112,177
ITUPEVA,2024,441,364,1,207,77,151
ITUPEVA,2025,116,100,0,32,5,3
ITUVERAVA,2022,327,233,19,254,31,14
ITUVERAVA,2023,298,233,25,234,18,23
ITUVERAVA,2024,267,199,16,160,46,46
ITUVERAVA,2025,128,91,3,45,12,6
ITÁPOLIS,2022,311,170,1,120,75,111
ITÁPOLIS,2023,293,225,2,58,47,179
ITÁPOLIS,2024,295,223,4,79,75,134
ITÁPOLIS,2025,94,61,1,32,18,1
JABORANDI,2022,60,54,22,17,7,29
JABORANDI,2023,48,43,18,11,8,26
JABORANDI,2024,50,39,13,13,7,26
JABORANDI,2025,17,15,3,5,3,0
JABOTICABAL,2022,518,356,93,172,98,212
JABOTICABAL,2023,509,392,60,136,85,253
JABOTICABAL,2024,637,492,46,174,114,318
JABOTICABAL,2025,171,134,8,35,23,9
JACAREÍ,2022,1860,1543,212,227,248,1324
JACAREÍ,2023,1831,1539,245,248,198,1228
JACAREÍ,2024,1820,1528,154,292,310,1087
JACAREÍ,2025,655,539,48,98,73,48
JACI,2022,75,63,33,63,6,0
JACI,2023,78,69,46,59,6,4
JACI,2024,80,69,54,67,2,7
JACI,2025,30,26,17,16,1,0
JACUPIRANGA,2022,199,156,84,155,16,3
JACUPIRANGA,2023,197,158,104,157,9,11
JACUPIRANGA,2024,197,173,108,155,19,8
JACUPIRANGA,2025,56,42,24,19,3,0
JAGUARIÚNA,2022,606,480,116,420,61,71
JAGUARIÚNA,2023,548,471,206,378,44,79
JAGUARIÚNA,2024,493,441,258,377,30,45
JAGUARIÚNA,2025,183,152,75,71,4,0
JALES,2022,380,296,66,320,14,8
JALES,2023,298,252,40,262,8,7
JALES,2024,303,258,41,219,40,19
JALES,2025,65,44,0,2,23,1
JAMBEIRO,2022,54,44,0,31,13,10
JAMBEIRO,2023,47,34,0,18,8,21
JAMBEIRO,2024,46,18,0,21,10,15
JAMBEIRO,2025,30,22,0,7,1,1
JANDIRA,2022,586,370,42,505,53,26
JANDIRA,2023,540,332,30,439,54,45
JANDIRA,2024,912,555,71,465,156,281
JANDIRA,2025,290,186,23,89,28,8
JARDINÓPOLIS,2022,414,302,97,55,45,287
JARDINÓPOLIS,2023,380,310,130,66,53,245
JARDINÓPOLIS,2024,374,301,112,83,55,204
JARDINÓPOLIS,2025,124,103,25,22,7,5
JARINU,2022,429,257,65,159,92,172
JARINU,2023,353,236,29,116,63,170
JARINU,2024,350,231,27,279,18,31
JARINU,2025,109,73,13,41,5,1
JAÚ,2022,914,648,63,387,119,378
JAÚ,2023,980,762,236,142,92,701
JAÚ,2024,846,611,172,230,116,469
JAÚ,2025,233,166,36,54,12,24
JERIQUARA,2022,36,26,29,33,0,1
JERIQUARA,2023,44,39,6,38,1,1
JERIQUARA,2024,49,39,8,47,0,0
JERIQUARA,2025,10,10,2,1,0,0
JOANÓPOLIS,2022,139,108,17,80,41,13
JOANÓPOLIS,2023,134,118,17,65,55,5
JOANÓPOLIS,2024,143,116,11,118,16,2
JOANÓPOLIS,2025,46,40,5,16,0,0
JOSÉ BONIFÁCIO,2022,259,167,20,61,43,146
JOSÉ BONIFÁCIO,2023,280,158,33,66,47,154
JOSÉ BONIFÁCIO,2024,304,232,44,51,39,205
JOSÉ BONIFÁCIO,2025,91,65,5,16,11,8
JOÃO RAMALHO,2022,53,42,26,35,12,5
JOÃO RAMALHO,2023,36,32,24,18,15,2
JOÃO RAMALHO,2024,43,39,32,32,9,2
JOÃO RAMALHO,2025,15,15,8,3,0,0
JUMIRIM,2022,38,33,1,20,10,1
JUMIRIM,2023,40,32,2,13,18,8
JUMIRIM,2024,30,29,2,7,13,7
JUMIRIM,2025,11,8,0,5,0,0
JUNDIAÍ,2022,2442,1708,905,1014,433,925
JUNDIAÍ,2023,2825,2205,166,969,385,1416
JUNDIAÍ,2024,2724,2247,16,927,419,1312
JUNDIAÍ,2025,930,757,7,194,110,17
JUNQUEIRÓPOLIS,2022,154,136,49,74,30,35
JUNQUEIRÓPOLIS,2023,162,131,52,67,36,46
JUNQUEIRÓPOLIS,2024,179,145,49,133,15,15
JUNQUEIRÓPOLIS,2025,51,42,16,19,1,0
JUQUITIBA,2022,373,231,127,88,76,198
JUQUITIBA,2023,361,236,105,87,66,183
JUQUITIBA,2024,364,280,96,186,63,92
JUQUITIBA,2025,118,89,20,37,3,1
JUQUIÁ,2022,240,156,53,182,30,17
JUQUIÁ,2023,197,166,55,173,14,5
JUQUIÁ,2024,204,167,69,167,23,3
JUQUIÁ,2025,51,43,13,22,1,0
JÚLIO MESQUITA,2022,66,37,3,31,11,22
JÚLIO MESQUITA,2023,49,34,3,15,11,22
JÚLIO MESQUITA,2024,37,29,1,14,7,15
JÚLIO MESQUITA,2025,14,7,0,8,0,1
LAGOINHA,2022,32,26,16,26,1,0
LAGOINHA,2023,50,43,28,39,2,1
LAGOINHA,2024,53,43,32,46,1,2
LAGOINHA,2025,22,20,14,3,0,0
LARANJAL PAULISTA,2022,274,185,191,69,33,156
LARANJAL PAULISTA,2023,257,209,174,16,23,188
LARANJAL PAULISTA,2024,224,194,120,14,22,173
LARANJAL PAULISTA,2025,85,72,15,11,10,18
LAVRINHAS,2022,65,40,12,60,3,1
LAVRINHAS,2023,79,68,25,68,2,3
LAVRINHAS,2024,74,56,15,65,5,1
LAVRINHAS,2025,17,14,1,4,0,0
LAVÍNIA,2022,35,25,1,8,2,22
LAVÍNIA,2023,28,21,0,4,2,19
LAVÍNIA,2024,37,30,0,5,4,21
LAVÍNIA,2025,5,5,0,0,1,0
LEME,2022,831,675,65,482,134,191
LEME,2023,897,738,187,161,111,601
LEME,2024,878,692,205,127,83,649
LEME,2025,293,235,62,23,16,59
LENÇÓIS PAULISTA,2022,693,461,122,209,124,360
LENÇÓIS PAULISTA,2023,550,441,135,116,54,380
LENÇÓIS PAULISTA,2024,614,505,137,126,76,410
LENÇÓIS PAULISTA,2025,165,133,11,33,14,3
LIMEIRA,2022,1441,902,145,899,199,297
LIMEIRA,2023,1644,1216,201,387,249,944
LIMEIRA,2024,1553,1252,215,266,209,1009
LIMEIRA,2025,509,382,37,92,85,30
LINDÓIA,2022,31,22,5,2,12,17
LINDÓIA,2023,44,25,6,19,3,22
LINDÓIA,2024,47,43,1,3,2,42
LINDÓIA,2025,24,24,1,0,0,0
LINS,2022,647,461,8,145,49,408
LINS,2023,669,560,7,116,53,427
LINS,2024,601,499,24,80,54,428
LINS,2025,205,172,14,29,20,18
LORENA,2022,765,602,198,592,62,55
LORENA,2023,749,590,222,490,130,79
LORENA,2024,678,546,190,542,60,22
LORENA,2025,229,189,51,95,1,0
LOURDES,2022,13,11,4,1,1,10
LOURDES,2023,19,17,3,1,0,18
LOURDES,2024,19,16,1,1,2,15
LOURDES,2025,4,3,0,0,0,2
LOUVEIRA,2022,682,556,50,84,53,472
LOUVEIRA,2023,635,549,136,59,35,485
LOUVEIRA,2024,637,534,118,62,55,463
LOUVEIRA,2025,227,195,22,18,26,23
LUCIANÓPOLIS,2022,34,28,8,3,1,29
LUCIANÓPOLIS,2023,31,29,6,6,0,22
LUCIANÓPOLIS,2024,25,19,5,1,1,20
LUCIANÓPOLIS,2025,9,7,2,4,1,1
LUCÉLIA,2022,180,130,7,39,17,124
LUCÉLIA,2023,127,101,7,10,18,97
LUCÉLIA,2024,155,132,43,20,12,121
LUCÉLIA,2025,55,46,9,10,5,0
LUIZIÂNIA,2022,74,51,39,11,4,56
LUIZIÂNIA,2023,50,43,36,4,3,43
LUIZIÂNIA,2024,58,49,34,6,2,48
LUIZIÂNIA,2025,17,17,9,1,1,2
LUPÉRCIO,2022,39,25,4,23,6,9
LUPÉRCIO,2023,44,36,5,26,8,8
LUPÉRCIO,2024,26,17,2,23,2,1
LUPÉRCIO,2025,16,10,0,10,0,0
LUTÉCIA,2022,36,30,1,31,0,1
LUTÉCIA,2023,25,19,5,21,1,1
LUTÉCIA,2024,19,16,4,19,0,0
LUTÉCIA,2025,13,8,3,4,0,0
LUÍS ANTÔNIO,2023,163,76,14,152,2,3
LUÍS ANTÔNIO,2024,101,83,12,94,2,0
LUÍS ANTÔNIO,2025,48,40,11,17,0,0
MACATUBA,2022,162,134,47,19,10,125
MACATUBA,2023,133,116,56,27,6,98
MACATUBA,2024,148,116,50,17,11,112
MACATUBA,2025,49,43,16,4,4,5
MACAUBAL,2022,47,39,15,8,5,27
MACAUBAL,2023,59,42,20,16,13,23
MACAUBAL,2024,42,35,10,23,8,5
MACAUBAL,2025,16,14,6,9,0,0
MACEDÔNIA,2022,30,24,13,27,0,1
MACEDÔNIA,2023,24,20,7,20,1,1
MACEDÔNIA,2024,30,24,4,27,1,1
MACEDÔNIA,2025,16,14,4,5,0,0
MAGDA,2022,20,17,5,20,0,0
MAGDA,2023,18,18,6,1,1,16
MAGDA,2024,21,15,10,11,3,4
MAGDA,2025,5,5,4,1,0,0
MAIRINQUE,2022,406,197,17,220,82,100
MAIRINQUE,2023,362,199,42,218,77,56
MAIRINQUE,2024,473,349,144,367,43,26
MAIRINQUE,2025,143,111,30,52,0,0
MAIRIPORÃ,2022,905,633,9,441,172,283
MAIRIPORÃ,2023,577,412,10,436,71,64
MAIRIPORÃ,2024,465,218,58,361,72,24
MAIRIPORÃ,2025,338,235,42,145,5,1
MANDURI,2022,102,79,6,87,1,1
MANDURI,2023,91,80,6,82,3,1
MANDURI,2024,105,92,6,99,0,0
MANDURI,2025,22,16,2,9,0,0
MARABÁ PAULISTA,2022,31,19,4,24,4,2
MARABÁ PAULISTA,2023,29,20,7,20,2,4
MARABÁ PAULISTA,2024,28,21,11,25,1,1
MARABÁ PAULISTA,2025,6,4,2,3,0,0
MARACAÍ,2022,89,72,1,14,8,66
MARACAÍ,2023,111,92,0,25,14,71
MARACAÍ,2024,137,116,1,26,16,94
MARACAÍ,2025,41,38,0,7,4,3
MARAPOAMA,2022,26,18,0,3,3,18
MARAPOAMA,2023,17,16,1,2,0,14
MARAPOAMA,2024,26,20,4,5,0,20
MARAPOAMA,2025,5,5,0,0,0,2
MARINÓPOLIS,2022,18,14,7,16,1,0
MARINÓPOLIS,2023,21,18,16,20,0,0
MARINÓPOLIS,2024,14,13,10,12,0,0
MARINÓPOLIS,2025,5,4,3,3,0,0
MARIÁPOLIS,2022,33,31,9,2,1,29
MARIÁPOLIS,2023,23,19,8,4,0,19
MARIÁPOLIS,2024,23,20,6,1,1,20
MARIÁPOLIS,2025,9,6,4,2,0,1
MARTINÓPOLIS,2022,190,137,47,128,14,34
MARTINÓPOLIS,2023,237,189,78,150,19,48
MARTINÓPOLIS,2024,228,185,102,147,15,51
MARTINÓPOLIS,2025,69,52,22,26,6,0
MARÍLIA,2022,1857,1284,281,1341,265,159
MARÍLIA,2023,1806,1427,374,1233,259,229
MARÍLIA,2024,1852,1503,334,1267,280,207
MARÍLIA,2025,577,456,67,207,15,5
MATÃO,2022,553,386,22,157,75,290
MATÃO,2023,575,451,26,88,50,393
MATÃO,2024,515,419,23,90,55,319
MATÃO,2025,175,141,2,28,14,15
MAUÁ,2022,3625,2367,692,1068,631,1795
MAUÁ,2023,2979,1918,118,967,518,1432
MAUÁ,2024,2690,1653,21,1124,478,1042
MAUÁ,2025,1015,651,7,379,82,31
MENDONÇA,2022,63,48,29,54,2,1
MENDONÇA,2023,70,56,24,52,5,2
MENDONÇA,2024,50,47,13,41,3,1
MENDONÇA,2025,11,10,0,6,0,0
MERIDIANO,2022,39,31,0,34,0,2
MERIDIANO,2023,28,24,8,25,0,2
MERIDIANO,2024,40,34,2,35,1,1
MERIDIANO,2025,15,13,1,2,0,0
MESÓPOLIS,2022,20,18,0,4,2,13
MESÓPOLIS,2023,20,16,4,4,3,10
MESÓPOLIS,2024,26,22,17,9,1,13
MESÓPOLIS,2025,7,7,0,1,0,0
MIGUELÓPOLIS,2022,91,45,0,58,12,18
MIGUELÓPOLIS,2023,135,109,0,91,19,14
MIGUELÓPOLIS,2024,127,106,9,96,11,12
MIGUELÓPOLIS,2025,39,23,0,20,0,0
MINEIROS DO TIETÊ,2022,109,78,1,54,24,31
MINEIROS DO TIETÊ,2023,94,65,0,33,8,53
MINEIROS DO TIETÊ,2024,120,80,0,24,6,89
MINEIROS DO TIETÊ,2025,30,22,0,4,2,10
MIRA ESTRELA,2022,31,30,21,25,2,1
MIRA ESTRELA,2023,24,22,14,19,2,0
MIRA ESTRELA,2024,22,19,13,17,2,1
MIRA ESTRELA,2025,8,7,5,3,0,0
MIRACATU,2022,245,145,81,200,15,26
MIRACATU,2023,225,144,70,187,21,9
MIRACATU,2024,234,147,45,172,25,29
MIRACATU,2025,73,47,6,35,1,0
MIRANDÓPOLIS,2022,135,91,8,35,21,75
MIRANDÓPOLIS,2023,185,155,3,41,23,118
MIRANDÓPOLIS,2024,179,158,10,28,25,124
MIRANDÓPOLIS,2025,37,30,1,5,3,5
MIRANTE DO PARANAPANEMA,2022,145,98,3,44,32,65
MIRANTE DO PARANAPANEMA,2023,121,85,8,22,7,84
MIRANTE DO PARANAPANEMA,2024,131,108,21,12,8,93
MIRANTE DO PARANAPANEMA,2025,47,33,3,8,4,8
MIRASSOL,2022,341,191,1,208,36,94
MIRASSOL,2023,473,372,77,124,68,244
MIRASSOL,2024,429,401,311,368,6,2
MIRASSOL,2025,147,127,72,47,1,0
MIRASSOLÂNDIA,2022,62,52,17,55,1,2
MIRASSOLÂNDIA,2023,52,48,29,43,3,2
MIRASSOLÂNDIA,2024,50,46,31,44,2,0
MIRASSOLÂNDIA,2025,16,14,8,6,0,0
MOCOCA,2022,527,384,84,114,62,309
MOCOCA,2023,470,355,90,65,44,324
MOCOCA,2024,475,376,90,61,36,319
MOCOCA,2025,163,125,31,16,13,16
MOGI DAS CRUZES,2022,3964,2953,12,1363,626,1790
MOGI DAS CRUZES,2023,3892,3092,10,1310,555,1851
MOGI DAS CRUZES,2024,3666,2925,9,1059,673,1725
MOGI DAS CRUZES,2025,1288,1040,4,264,172,43
MOGI GUAÇU,2022,1158,717,173,417,258,442
MOGI GUAÇU,2023,1459,953,221,437,189,769
MOGI GUAÇU,2024,1221,1044,861,239,162,748
MOGI GUAÇU,2025,387,318,135,48,37,60
MOGI MIRIM,2022,636,433,28,215,101,281
MOGI MIRIM,2023,638,470,62,144,86,368
MOGI MIRIM,2024,680,474,104,125,111,400
MOGI MIRIM,2025,209,149,25,63,22,8
MOMBUCA,2022,40,32,0,37,1,1
MOMBUCA,2023,48,42,1,33,7,5
MOMBUCA,2024,35,26,0,16,13,5
MOMBUCA,2025,5,1,0,4,1,0
MONGAGUÁ,2022,574,235,116,328,131,106
MONGAGUÁ,2023,573,255,142,265,146,148
MONGAGUÁ,2024,517,289,55,313,121,78
MONGAGUÁ,2025,138,87,12,55,6,0
MONTE ALEGRE DO SUL,2022,63,41,0,17,7,39
MONTE ALEGRE DO SUL,2023,53,42,0,13,4,36
MONTE ALEGRE DO SUL,2024,53,35,0,9,10,34
MONTE ALEGRE DO SUL,2025,26,21,0,2,3,9
MONTE ALTO,2022,277,89,30,148,42,85
MONTE ALTO,2023,242,152,45,39,23,177
MONTE ALTO,2024,277,209,30,37,33,206
MONTE ALTO,2025,97,78,6,9,14,10
MONTE APRAZÍVEL,2022,173,140,55,156,1,8
MONTE APRAZÍVEL,2023,162,131,62,148,0,4
MONTE APRAZÍVEL,2024,174,153,17,157,2,5
MONTE APRAZÍVEL,2025,63,57,9,16,0,0
MONTE AZUL PAULISTA,2022,179,149,20,98,44,25
MONTE AZUL PAULISTA,2023,172,142,26,74,44,36
MONTE AZUL PAULISTA,2024,160,142,27,30,38,76
MONTE AZUL PAULISTA,2025,50,43,3,12,2,2
MONTE CASTELO,2022,41,34,2,4,5,31
MONTE CASTELO,2023,40,31,12,3,2,33
MONTE CASTELO,2024,46,40,11,3,5,36
MONTE CASTELO,2025,9,8,0,0,1,2
MONTE MOR,2022,444,319,16,304,52,72
MONTE MOR,2023,564,394,21,307,91,160
MONTE MOR,2024,464,350,11,251,80,128
MONTE MOR,2025,168,121,7,53,14,1
MONTEIRO LOBATO,2022,33,22,6,16,9,8
MONTEIRO LOBATO,2023,55,38,4,18,17,20
MONTEIRO LOBATO,2024,45,34,7,39,3,0
MONTEIRO LOBATO,2025,16,14,4,5,0,0
MONÇÕES,2022,9,7,2,9,0,0
MONÇÕES,2023,18,18,5,15,0,0
MONÇÕES,2024,13,11,5,12,0,0
MONÇÕES,2025,5,5,0,3,0,0
MORRO AGUDO,2022,196,142,68,157,17,10
MORRO AGUDO,2023,231,181,92,64,17,127
MORRO AGUDO,2024,282,221,93,40,18,199
MORRO AGUDO,2025,84,55,9,14,7,17
MORUNGABA,2022,155,112,2,36,31,81
MORUNGABA,2023,117,87,2,45,15,57
MORUNGABA,2024,126,101,4,57,13,55
MORUNGABA,2025,42,25,1,12,3,2
MOTUCA,2022,3,3,0,3,0,0
MOTUCA,2023,20,7,0,18,1,1
MOTUCA,2024,30,24,0,28,1,1
MOTUCA,2025,7,6,0,2,0,0
MURUTINGA DO SUL,2022,32,22,9,23,3,5
MURUTINGA DO SUL,2023,30,24,4,23,5,2
MURUTINGA DO SUL,2024,27,22,9,22,2,2
MURUTINGA DO SUL,2025,7,7,0,1,0,0
NANTES,2022,34,33,6,31,1,0
NANTES,2023,33,27,11,15,6,3
NANTES,2024,20,19,11,15,3,0
NANTES,2025,12,10,7,5,0,0
NARANDIBA,2022,85,69,64,74,2,2
NARANDIBA,2023,83,67,54,81,1,0
NARANDIBA,2024,72,59,57,65,3,1
NARANDIBA,2025,24,17,17,12,0,0
NATIVIDADE DA SERRA,2022,31,23,13,30,0,0
NATIVIDADE DA SERRA,2023,44,37,20,38,2,1
NATIVIDADE DA SERRA,2024,35,30,23,32,1,1
NATIVIDADE DA SERRA,2025,12,10,7,5,0,0
NAZARÉ PAULISTA,2022,147,101,0,142,1,1
NAZARÉ PAULISTA,2023,164,115,0,160,0,0
NAZARÉ PAULISTA,2024,164,110,6,159,1,1
NAZARÉ PAULISTA,2025,76,51,1,35,0,0
NEVES PAULISTA,2022,43,27,0,18,4,21
NEVES PAULISTA,2023,53,36,1,43,2,7
NEVES PAULISTA,2024,28,20,1,28,0,0
NEVES PAULISTA,2025,7,4,0,3,0,0
NHANDEARA,2022,61,51,26,51,3,2
NHANDEARA,2023,67,60,42,53,5,2
NHANDEARA,2024,59,54,36,44,6,2
NHANDEARA,2025,15,12,6,5,0,0
NIPOÃ,2022,43,31,4,38,0,0
NIPOÃ,2023,56,50,1,41,6,2
NIPOÃ,2024,52,47,1,43,0,1
NIPOÃ,2025,12,12,1,6,0,0
NOVA ALIANÇA,2022,66,47,4,57,3,1
NOVA ALIANÇA,2023,67,59,4,52,2,3
NOVA ALIANÇA,2024,61,57,14,52,2,1
NOVA ALIANÇA,2025,21,18,3,8,0,0
NOVA CAMPINA,2022,126,102,69,97,11,8
NOVA CAMPINA,2023,138,114,66,65,27,40
NOVA CAMPINA,2024,136,109,57,75,20,31
NOVA CAMPINA,2025,44,41,8,11,2,0
NOVA CANAÃ PAULISTA,2022,7,5,1,7,0,0
NOVA CANAÃ PAULISTA,2023,15,13,5,14,0,0
NOVA CANAÃ PAULISTA,2024,12,10,6,11,0,0
NOVA CANAÃ PAULISTA,2025,4,4,3,1,0,0
NOVA CASTILHO,2022,6,6,3,5,0,1
NOVA CASTILHO,2023,9,9,2,8,1,0
NOVA CASTILHO,2024,7,6,2,7,0,0
NOVA CASTILHO,2025,2,1,0,1,0,0
NOVA EUROPA,2022,67,56,8,56,3,2
NOVA EUROPA,2023,77,68,14,73,1,0
NOVA EUROPA,2024,58,57,9,50,0,1
NOVA EUROPA,2025,31,23,5,9,0,0
NOVA GRANADA,2022,169,127,26,154,1,5
NOVA GRANADA,2023,155,116,23,142,4,0
NOVA GRANADA,2024,164,136,25,147,0,1
NOVA GRANADA,2025,48,40,3,15,0,0
NOVA GUATAPORANGA,2022,15,13,10,13,0,0
NOVA GUATAPORANGA,2023,19,15,10,15,0,1
NOVA GUATAPORANGA,2024,11,10,0,9,1,0
NOVA GUATAPORANGA,2025,3,1,0,1,0,0
NOVA INDEPENDÊNCIA,2022,47,38,1,15,21,3
NOVA INDEPENDÊNCIA,2023,48,38,0,10,11,24
NOVA INDEPENDÊNCIA,2024,50,39,0,15,14,14
NOVA INDEPENDÊNCIA,2025,24,17,4,6,0,0
NOVA LUZITÂNIA,2022,22,13,0,8,3,11
NOVA LUZITÂNIA,2023,15,9,0,13,0,0
NOVA LUZITÂNIA,2024,2,1,0,2,0,0
NOVA LUZITÂNIA,2025,2,1,0,1,0,0
NOVA ODESSA,2022,433,277,7,125,108,177
NOVA ODESSA,2023,414,334,11,109,60,220
NOVA ODESSA,2024,420,357,7,81,58,259
NOVA ODESSA,2025,135,109,1,17,22,10
NOVAIS,2022,46,33,1,11,11,20
NOVAIS,2023,56,39,0,3,9,40
NOVAIS,2024,51,39,1,3,2,45
NOVAIS,2025,12,9,0,4,3,1
NOVO HORIZONTE,2022,348,260,10,51,25,256
NOVO HORIZONTE,2023,320,249,16,30,10,247
NOVO HORIZONTE,2024,306,262,4,31,27,229
NOVO HORIZONTE,2025,98,74,0,14,11,21
NUPORANGA,2022,66,34,0,61,1,1
NUPORANGA,2023,59,46,1,38,7,12
NUPORANGA,2024,74,57,2,67,4,1
NUPORANGA,2025,18,17,3,2,0,0
OCAUÇU,2022,71,57,8,53,11,3
OCAUÇU,2023,51,44,6,43,2,2
OCAUÇU,2024,53,45,20,46,3,0
OCAUÇU,2025,8,4,4,3,0,0
OLÍMPIA,2022,449,348,46,75,37,311
OLÍMPIA,2023,499,420,71,57,26,373
OLÍMPIA,2024,442,373,41,37,24,347
OLÍMPIA,2025,150,122,5,15,8,29
ONDA VERDE,2022,40,36,11,35,0,0
ONDA VERDE,2023,64,51,30,57,6,1
ONDA VERDE,2024,54,46,28,53,0,0
ONDA VERDE,2025,22,21,8,5,0,0
ORIENTE,2022,74,60,14,64,3,3
ORIENTE,2023,49,43,6,39,2,1
ORIENTE,2024,50,37,10,44,0,0
ORIENTE,2025,11,11,4,5,0,0
ORINDIÚVA,2022,75,62,7,52,12,3
ORINDIÚVA,2023,82,59,8,71,6,1
ORINDIÚVA,2024,66,58,4,59,1,1
ORINDIÚVA,2025,26,23,2,7,0,0
ORLÂNDIA,2022,155,50,0,68,32,54
ORLÂNDIA,2023,187,135,0,129,27,18
ORLÂNDIA,2024,98,56,3,71,19,6
ORLÂNDIA,2025,60,33,2,27,2,0
OSASCO,2022,4911,2424,22,1875,992,2010
OSASCO,2023,6219,4973,70,1802,900,3369
OSASCO,2024,6091,4885,68,1769,993,3149
OSASCO,2025,2298,1838,10,514,277,86
OSCAR BRESSANE,2022,12,10,0,2,1,9
OSCAR BRESSANE,2023,19,17,0,4,0,15
OSCAR BRESSANE,2024,20,19,1,1,1,18
OSCAR BRESSANE,2025,4,4,0,1,1,1
OSVALDO CRUZ,2022,222,147,10,83,22,109
OSVALDO CRUZ,2023,166,119,10,15,17,129
OSVALDO CRUZ,2024,185,101,21,60,37,87
OSVALDO CRUZ,2025,61,40,13,14,10,1
OURINHOS,2022,998,812,29,925,8,23
OURINHOS,2023,944,770,38,874,11,14
OURINHOS,2024,989,809,46,912,4,15
OURINHOS,2025,312,245,12,138,1,0
OURO VERDE,2022,81,36,13,73,2,2
OURO VERDE,2023,87,69,21,76,1,2
OURO VERDE,2024,75,61,5,71,0,0
OURO VERDE,2025,23,18,10,7,0,0
OUROESTE,2022,108,75,44,10,18,79
OUROESTE,2023,87,76,62,9,2,71
OUROESTE,2024,93,84,64,15,5,70
OUROESTE,2025,32,25,14,6,5,5
PACAEMBU,2022,92,68,22,14,8,67
PACAEMBU,2023,89,72,33,13,2,72
PACAEMBU,2024,65,55,19,11,5,48
PACAEMBU,2025,23,21,2,1,2,2
PALESTINA,2022,108,95,7,90,0,0
PALESTINA,2023,78,64,4,65,3,2
PALESTINA,2024,83,77,6,77,0,0
PALESTINA,2025,36,31,2,11,0,0
PALMARES PAULISTA,2022,72,43,11,17,6,46
PALMARES PAULISTA,2023,60,42,15,17,9,32
PALMARES PAULISTA,2024,65,54,18,51,7,2
PALMARES PAULISTA,2025,20,16,1,6,0,0
PALMEIRA D'OESTE,2022,68,62,42,48,9,7
PALMEIRA D'OESTE,2023,62,53,30,43,9,4
PALMEIRA D'OESTE,2024,62,56,20,45,8,3
PALMEIRA D'OESTE,2025,22,15,6,9,0,0
PALMITAL,2022,192,157,66,22,5,147
PALMITAL,2023,193,171,70,13,8,163
PALMITAL,2024,176,152,27,31,20,119
PALMITAL,2025,41,36,2,4,3,3
PANORAMA,2022,167,139,39,65,27,59
PANORAMA,2023,177,143,22,102,27,35
PANORAMA,2024,155,143,46,86,23,36
PANORAMA,2025,46,36,10,13,3,0
PARAGUAÇU PAULISTA,2022,436,382,222,159,59,179
PARAGUAÇU PAULISTA,2023,404,344,204,51,29,287
PARAGUAÇU PAULISTA,2024,379,306,264,34,25,297
PARAGUAÇU PAULISTA,2025,119,103,73,10,13,16
PARAIBUNA,2022,168,132,7,134,14,14
PARAIBUNA,2023,187,138,24,81,39,52
PARAIBUNA,2024,195,163,47,95,58,30
PARAIBUNA,2025,47,42,7,14,0,0
PARANAPANEMA,2022,270,180,62,229,20,8
PARANAPANEMA,2023,284,231,104,250,8,7
PARANAPANEMA,2024,228,187,80,213,3,2
PARANAPANEMA,2025,94,79,28,33,0,0
PARANAPUÃ,2022,40,28,0,34,1,1
PARANAPUÃ,2023,45,32,0,43,0,2
PARANAPUÃ,2024,49,36,2,46,1,0
PARANAPUÃ,2025,9,7,0,3,0,0
PARAPUÃ,2022,99,78,28,80,8,3
PARAPUÃ,2023,90,64,21,67,9,8
PARAPUÃ,2024,84,68,31,44,9,23
PARAPUÃ,2025,29,21,11,9,4,0
PARAÍSO,2022,39,32,21,6,5,26
PARAÍSO,2023,42,39,26,7,5,28
PARAÍSO,2024,36,29,21,12,1,20
PARAÍSO,2025,9,6,3,3,0,0
PARDINHO,2022,85,70,2,9,8,65
PARDINHO,2023,80,69,2,9,10,58
PARDINHO,2024,84,70,0,15,7,60
PARDINHO,2025,20,14,0,5,5,1
PARIQUERA-AÇU,2022,247,179,107,169,49,11
PARIQUERA-AÇU,2023,236,182,107,155,46,18
PARIQUERA-AÇU,2024,226,187,144,136,36,37
PARIQUERA-AÇU,2025,87,68,40,35,2,0
PARISI,2022,26,23,5,14,2,2
PARISI,2023,29,28,5,21,2,2
PARISI,2024,32,30,1,26,0,1
PARISI,2025,10,9,0,4,0,0
PATROCÍNIO PAULISTA,2022,114,65,4,56,23,34
PATROCÍNIO PAULISTA,2023,146,88,4,80,26,39
PATROCÍNIO PAULISTA,2024,165,113,23,54,45,66
PATROCÍNIO PAULISTA,2025,52,45,7,12,5,2
PAULICÉIA,2022,96,79,59,80,3,8
PAULICÉIA,2023,105,90,45,87,8,3
PAULICÉIA,2024,87,73,43,72,7,2
PAULICÉIA,2025,26,21,7,13,0,0
PAULISTÂNIA,2022,34,29,0,29,2,1
PAULISTÂNIA,2023,23,22,0,21,1,0
PAULISTÂNIA,2024,27,25,0,21,0,6
PAULISTÂNIA,2025,4,4,0,2,0,0
PAULO DE FARIA,2022,86,66,56,16,7,60
PAULO DE FARIA,2023,66,51,31,4,2,56
PAULO DE FARIA,2024,58,51,7,6,7,43
PAULO DE FARIA,2025,22,17,1,4,4,4
PAULÍNIA,2022,324,261,6,308,4,5
PAULÍNIA,2023,427,330,8,372,28,14
PAULÍNIA,2024,718,435,6,389,121,202
PAULÍNIA,2025,245,149,1,96,17,9
PEDERNEIRAS,2022,440,329,31,306,68,48
PEDERNEIRAS,2023,419,307,28,224,122,57
PEDERNEIRAS,2024,402,341,145,206,99,75
PEDERNEIRAS,2025,155,123,119,48,17,3
PEDRA BELA,2022,61,44,0,56,0,0
PEDRA BELA,2023,74,63,3,66,3,1
PEDRA BELA,2024,66,60,0,61,0,0
PEDRA BELA,2025,22,18,0,7,0,0
PEDRANÓPOLIS,2022,27,23,16,14,7,3
PEDRANÓPOLIS,2023,15,10,5,3,3,9
PEDRANÓPOLIS,2024,16,5,4,9,5,2
PEDRANÓPOLIS,2025,1,1,0,0,0,0
PEDREGULHO,2022,157,99,25,140,8,3
PEDREGULHO,2023,131,101,21,112,5,6
PEDREGULHO,2024,159,132,31,128,13,8
PEDREGULHO,2025,43,37,11,20,2,1
PEDREIRA,2022,356,250,14,80,54,210
PEDREIRA,2023,395,301,10,49,35,303
PEDREIRA,2024,346,276,7,50,29,261
PEDREIRA,2025,125,96,1,14,13,19
PEDRINHAS PAULISTA,2022,32,26,0,5,2,24
PEDRINHAS PAULISTA,2023,33,32,1,2,1,27
PEDRINHAS PAULISTA,2024,25,22,0,3,2,19
PEDRINHAS PAULISTA,2025,4,3,0,0,0,2
PEDRO DE TOLEDO,2022,109,82,27,79,10,6
PEDRO DE TOLEDO,2023,83,75,23,73,6,0
PEDRO DE TOLEDO,2024,97,86,16,87,3,0
PEDRO DE TOLEDO,2025,29,21,0,14,0,0
PENÁPOLIS,2022,592,472,75,163,145,237
PENÁPOLIS,2023,645,520,30,579,9,5
PENÁPOLIS,2024,541,474,36,485,2,5
PENÁPOLIS,2025,193,162,28,55,0,0
PEREIRA BARRETO,2022,237,182,7,35,20,153
PEREIRA BARRETO,2023,205,164,6,25,14,152
PEREIRA BARRETO,2024,202,163,4,28,23,131
PEREIRA BARRETO,2025,76,64,0,11,8,4
PEREIRAS,2022,86,66,3,76,3,1
PEREIRAS,2023,79,71,0,72,1,5
PEREIRAS,2024,81,69,1,74,2,2
PEREIRAS,2025,26,21,0,9,0,0
PERUÍBE,2022,877,418,92,424,215,226
PERUÍBE,2023,803,443,85,271,179,346
PERUÍBE,2024,773,477,122,357,185,216
PERUÍBE,2025,255,160,36,95,17,4
PIACATU,2022,47,32,29,9,8,29
PIACATU,2023,41,32,21,4,2,32
PIACATU,2024,37,28,2,4,3,28
PIACATU,2025,12,11,0,1,0,1
PIEDADE,2022,398,120,3,179,66,144
PIEDADE,2023,477,236,6,349,82,38
PIEDADE,2024,528,305,87,468,32,5
PIEDADE,2025,205,172,68,68,0,0
PILAR DO SUL,2022,300,236,2,262,4,7
PILAR DO SUL,2023,276,205,14,261,1,4
PILAR DO SUL,2024,290,211,10,258,3,1
PILAR DO SUL,2025,103,87,2,47,1,0
PINDAMONHANGABA,2022,1730,1310,741,1320,124,180
PINDAMONHANGABA,2023,1228,815,181,818,153,206
PINDAMONHANGABA,2024,1645,1198,262,687,221,648
PINDAMONHANGABA,2025,528,349,40,124,64,32
PINDORAMA,2022,95,87,6,79,2,3
PINDORAMA,2023,86,80,8,78,0,3
PINDORAMA,2024,88,76,5,81,1,2
PINDORAMA,2025,24,21,2,8,0,0
PINHALZINHO,2022,126,56,0,45,20,59
PINHALZINHO,2023,145,120,5,43,26,68
PINHALZINHO,2024,118,92,6,16,22,74
PINHALZINHO,2025,44,38,1,5,11,2
PIQUEROBI,2022,28,25,0,9,2,17
PIQUEROBI,2023,38,34,2,7,1,29
PIQUEROBI,2024,36,31,3,9,6,21
PIQUEROBI,2025,10,7,1,3,1,1
PIQUETE,2022,104,67,15,37,24,41
PIQUETE,2023,91,68,18,56,11,13
PIQUETE,2024,87,63,17,77,2,2
PIQUETE,2025,31,26,4,10,1,0
PIRACAIA,2022,291,231,11,207,10,50
PIRACAIA,2023,215,172,83,163,10,33
PIRACAIA,2024,224,190,94,171,15,16
PIRACAIA,2025,74,61,5,33,0,0
PIRACICABA,2022,3422,2508,362,1024,614,1762
PIRACICABA,2023,2971,2024,298,907,488,1568
PIRACICABA,2024,3113,2473,76,860,603,1588
PIRACICABA,2025,1037,807,4,252,103,30
PIRAJU,2022,293,228,79,178,51,45
PIRAJU,2023,272,227,53,145,47,63
PIRAJU,2024,277,234,75,152,34,59
PIRAJU,2025,105,89,18,31,2,1
PIRAJUÍ,2022,171,127,24,151,4,8
PIRAJUÍ,2023,148,120,18,82,30,24
PIRAJUÍ,2024,132,105,25,119,3,1
PIRAJUÍ,2025,57,49,10,20,0,0
PIRANGI,2022,99,83,14,48,8,32
PIRANGI,2023,64,56,26,42,6,12
PIRANGI,2024,62,59,14,50,1,3
PIRANGI,2025,19,15,3,6,0,0
PIRAPORA DO BOM JESUS,2022,253,148,21,123,43,77
PIRAPORA DO BOM JESUS,2023,229,161,26,119,36,58
PIRAPORA DO BOM JESUS,2024,162,119,15,94,35,27
PIRAPORA DO BOM JESUS,2025,47,32,0,22,1,0
PIRAPOZINHO,2022,197,163,120,125,19,32
PIRAPOZINHO,2023,211,176,126,118,25,57
PIRAPOZINHO,2024,210,193,131,145,13,27
PIRAPOZINHO,2025,83,63,38,34,2,0
PIRASSUNUNGA,2022,509,360,142,286,69,142
PIRASSUNUNGA,2023,495,364,149,211,89,190
PIRASSUNUNGA,2024,467,347,143,201,69,188
PIRASSUNUNGA,2025,162,117,43,53,10,7
PIRATININGA,2022,115,96,60,76,10,16
PIRATININGA,2023,108,88,49,33,15,54
PIRATININGA,2024,115,98,17,10,10,93
PIRATININGA,2025,34,26,3,3,7,4
PITANGUEIRAS,2022,414,316,8,149,65,175
PITANGUEIRAS,2023,416,326,4,117,43,208
PITANGUEIRAS,2024,373,282,37,33,33,272
PITANGUEIRAS,2025,109,81,10,16,11,13
PLANALTO,2022,58,40,9,48,0,3
PLANALTO,2023,47,41,27,39,1,2
PLANALTO,2024,43,36,10,37,1,0
PLANALTO,2025,15,13,5,5,0,0
PLATINA,2022,33,21,4,7,3,22
PLATINA,2023,42,30,11,25,2,12
PLATINA,2024,24,21,8,20,1,1
PLATINA,2025,11,9,5,6,0,0
POLONI,2022,53,42,38,8,6,38
POLONI,2023,42,37,36,3,2,33
POLONI,2024,57,48,46,3,9,42
POLONI,2025,14,13,6,7,0,0
POMPÉIA,2022,194,163,29,37,9,137
POMPÉIA,2023,138,110,44,11,10,112
POMPÉIA,2024,138,106,33,30,20,84
POMPÉIA,2025,52,34,14,9,5,9
PONGAÍ,2022,29,25,24,5,1,21
PONGAÍ,2023,24,19,19,3,3,18
PONGAÍ,2024,17,12,10,0,0,17
PONGAÍ,2025,9,8,3,0,0,4
PONTAL,2022,338,274,76,312,7,2
PONTAL,2023,329,274,105,256,29,18
PONTAL,2024,329,277,111,268,19,8
PONTAL,2025,101,80,17,34,0,0
PONTALINDA,2022,47,40,0,38,1,2
PONTALINDA,2023,41,34,3,36,1,1
PONTALINDA,2024,62,53,2,54,1,1
PONTALINDA,2025,11,10,0,6,0,0
PONTES GESTAL,2022,19,13,3,17,0,1
PONTES GESTAL,2023,16,12,3,15,0,0
PONTES GESTAL,2024,17,14,7,12,1,2
PONTES GESTAL,2025,9,8,3,3,0,0
POPULINA,2022,21,14,0,20,1,0
POPULINA,2023,20,15,8,16,3,0
POPULINA,2024,28,28,14,15,10,1
POPULINA,2025,11,11,7,1,0,0
PORANGABA,2022,45,37,1,41,2,0
PORANGABA,2023,80,60,23,40,7,28
PORANGABA,2024,80,72,25,36,5,29
PORANGABA,2025,31,25,4,7,2,2
PORTO FELIZ,2022,459,202,58,141,73,244
PORTO FELIZ,2023,519,408,89,103,29,375
PORTO FELIZ,2024,539,418,61,68,24,427
PORTO FELIZ,2025,136,100,5,17,19,20
PORTO FERREIRA,2022,432,345,90,30,19,348
PORTO FERREIRA,2023,396,340,68,28,17,314
PORTO FERREIRA,2024,374,330,38,35,25,290
PORTO FERREIRA,2025,120,94,5,8,10,21
POTIM,2022,158,48,17,127,19,10
POTIM,2023,257,187,83,163,45,36
POTIM,2024,224,186,98,145,34,35
POTIM,2025,76,65,26,22,2,0
POTIRENDABA,2022,163,121,10,148,4,2
POTIRENDABA,2023,125,106,7,116,2,4
POTIRENDABA,2024,119,87,16,106,5,2
POTIRENDABA,2025,43,38,7,16,0,0
POÁ,2022,905,630,26,772,64,29
POÁ,2023,1019,789,93,795,104,67
POÁ,2024,988,834,144,816,63,63
POÁ,2025,373,303,33,114,1,0
PRACINHA,2022,24,19,11,20,2,0
PRACINHA,2023,27,24,5,23,2,0
PRACINHA,2024,17,17,0,14,0,0
PRACINHA,2025,9,8,2,4,0,0
PRADÓPOLIS,2022,96,84,1,91,0,2
PRADÓPOLIS,2023,111,90,17,99,3,5
PRADÓPOLIS,2024,104,84,17,88,4,4
PRADÓPOLIS,2025,33,28,2,8,0,0
PRAIA GRANDE,2022,3665,2607,446,929,683,1984
PRAIA GRANDE,2023,3349,2168,421,861,665,1783
PRAIA GRANDE,2024,3313,2418,372,746,651,1865
PRAIA GRANDE,2025,1150,860,62,332,148,21
PRATÂNIA,2022,94,83,8,22,19,48
PRATÂNIA,2023,85,77,10,71,6,3
PRATÂNIA,2024,81,70,20,70,2,1
PRATÂNIA,2025,34,30,0,10,0,0
PRESIDENTE ALVES,2022,52,26,0,20,9,23
PRESIDENTE ALVES,2023,21,7,0,15,6,0
PRESIDENTE ALVES,2024,16,6,0,11,4,1
PRESIDENTE ALVES,2025,13,9,0,5,1,0
PRESIDENTE BERNARDES,2022,71,53,8,13,11,43
PRESIDENTE BERNARDES,2023,74,63,14,48,10,12
PRESIDENTE BERNARDES,2024,55,43,14,30,4,16
PRESIDENTE BERNARDES,2025,25,21,7,10,0,0
PRESIDENTE EPITÁCIO,2022,331,250,67,60,33,237
PRESIDENTE EPITÁCIO,2023,335,254,40,55,33,239
PRESIDENTE EPITÁCIO,2024,316,261,55,43,26,243
PRESIDENTE EPITÁCIO,2025,73,54,12,17,13,4
PRESIDENTE PRUDENTE,2022,1674,1331,479,190,86,1258
PRESIDENTE PRUDENTE,2023,1596,1293,91,101,67,1273
PRESIDENTE PRUDENTE,2024,1614,1289,26,93,113,1263
PRESIDENTE PRUDENTE,2025,523,424,7,50,53,68
PRESIDENTE VENCESLAU,2022,170,118,16,44,20,99
PRESIDENTE VENCESLAU,2023,195,140,29,24,13,143
PRESIDENTE VENCESLAU,2024,169,118,20,20,5,132
PRESIDENTE VENCESLAU,2025,67,46,16,16,15,4
PROMISSÃO,2022,326,266,81,253,18,35
PROMISSÃO,2023,315,261,73,254,24,21
PROMISSÃO,2024,277,235,55,261,1,3
PROMISSÃO,2025,92,74,25,38,0,1
QUADRA,2022,68,32,1,31,18,18
QUADRA,2023,37,15,0,18,4,15
QUADRA,2024,43,26,0,23,13,6
QUADRA,2025,13,10,0,2,1,0
QUATÁ,2022,132,113,42,114,6,2
QUATÁ,2023,99,86,34,50,11,36
QUATÁ,2024,114,101,16,80,13,18
QUATÁ,2025,38,33,1,13,0,0
QUEIROZ,2022,64,54,37,8,4,52
QUEIROZ,2023,42,30,6,4,1,35
QUEIROZ,2024,53,42,1,8,5,40
QUEIROZ,2025,8,8,0,0,2,2
QUELUZ,2022,81,58,20,68,6,2
QUELUZ,2023,54,40,6,47,4,1
QUELUZ,2024,76,58,21,66,4,3
QUELUZ,2025,25,18,4,17,0,0
QUINTANA,2022,96,72,6,5,4,74
QUINTANA,2023,85,63,14,6,4,72
QUINTANA,2024,75,67,22,0,4,68
QUINTANA,2025,23,18,3,5,2,4
RAFARD,2022,88,69,2,24,19,44
RAFARD,2023,79,54,2,16,5,56
RAFARD,2024,73,53,2,10,3,59
RAFARD,2025,27,19,0,4,3,1
RANCHARIA,2022,272,213,149,167,37,42
RANCHARIA,2023,282,229,162,234,12,14
RANCHARIA,2024,267,230,184,211,14,13
RANCHARIA,2025,84,74,48,24,1,0
REDENÇÃO DA SERRA,2022,44,15,1,36,5,3
REDENÇÃO DA SERRA,2023,66,47,19,56,6,2
REDENÇÃO DA SERRA,2024,30,20,18,23,1,4
REDENÇÃO DA SERRA,2025,18,12,6,5,2,0
REGENTE FEIJÓ,2022,161,138,115,102,17,28
REGENTE FEIJÓ,2023,164,146,127,107,11,29
REGENTE FEIJÓ,2024,168,156,142,134,10,14
REGENTE FEIJÓ,2025,64,51,34,22,0,0
REGINÓPOLIS,2022,76,57,4,70,1,1
REGINÓPOLIS,2023,73,68,2,68,2,2
REGINÓPOLIS,2024,43,35,1,38,1,3
REGINÓPOLIS,2025,18,14,0,5,1,0
REGISTRO,2022,672,546,293,534,46,27
REGISTRO,2023,697,580,282,572,43,31
REGISTRO,2024,656,557,282,567,28,14
REGISTRO,2025,187,164,54,76,1,0
RESTINGA,2022,79,56,19,58,8,7
RESTINGA,2023,79,64,3,62,9,3
RESTINGA,2024,79,64,2,66,7,1
RESTINGA,2025,28,27,0,11,0,0
RIBEIRA,2022,42,30,5,36,1,0
RIBEIRA,2023,36,27,21,32,1,1
RIBEIRA,2024,28,22,12,24,2,0
RIBEIRA,2025,11,8,3,5,0,0
RIBEIRÃO BONITO,2022,95,75,1,25,16,48
RIBEIRÃO BONITO,2023,64,48,2,40,10,12
RIBEIRÃO BONITO,2024,68,58,4,21,17,30
RIBEIRÃO BONITO,2025,16,15,6,2,2,0
RIBEIRÃO BRANCO,2022,320,261,198,220,34,46
RIBEIRÃO BRANCO,2023,279,250,199,159,36,58
RIBEIRÃO BRANCO,2024,359,302,239,228,46,53
RIBEIRÃO BRANCO,2025,127,116,44,49,3,0
RIBEIRÃO CORRENTE,2022,28,7,0,15,3,10
RIBEIRÃO CORRENTE,2023,36,22,2,5,10,21
RIBEIRÃO CORRENTE,2024,26,10,0,15,8,2
RIBEIRÃO CORRENTE,2025,40,19,11,17,7,1
RIBEIRÃO DO SUL,2022,50,41,10,6,3,34
RIBEIRÃO DO SUL,2023,49,42,0,11,6,28
RIBEIRÃO DO SUL,2024,38,28,0,3,2,30
RIBEIRÃO DO SUL,2025,17,13,0,3,3,1
RIBEIRÃO DOS ÍNDIOS,2022,15,11,4,14,1,0
RIBEIRÃO DOS ÍNDIOS,2023,12,11,8,10,0,0
RIBEIRÃO DOS ÍNDIOS,2024,8,6,2,8,0,0
RIBEIRÃO DOS ÍNDIOS,2025,3,0,1,2,0,0
RIBEIRÃO GRANDE,2022,53,48,5,50,3,0
RIBEIRÃO GRANDE,2023,104,71,5,72,9,20
RIBEIRÃO GRANDE,2024,82,66,5,35,13,33
RIBEIRÃO GRANDE,2025,34,28,0,6,6,1
RIBEIRÃO PIRES,2022,608,408,69,301,89,193
RIBEIRÃO PIRES,2023,705,500,104,161,73,435
RIBEIRÃO PIRES,2024,570,441,67,145,91,309
RIBEIRÃO PIRES,2025,193,153,17,43,19,9
RIBEIRÃO PRETO,2022,5291,4011,1386,1091,706,3271
RIBEIRÃO PRETO,2023,4898,3815,1515,955,666,3059
RIBEIRÃO PRETO,2024,4774,3861,1231,907,713,2989
RIBEIRÃO PRETO,2025,1605,1249,265,361,204,72
RIFAINA,2022,37,27,0,17,8,12
RIFAINA,2023,58,38,9,9,7,42
RIFAINA,2024,46,28,14,12,7,27
RIFAINA,2025,9,6,2,2,3,0
RINCÃO,2022,61,48,12,46,3,9
RINCÃO,2023,71,63,5,58,1,7
RINCÃO,2024,74,60,19,52,7,7
RINCÃO,2025,21,20,3,4,0,0
RINÓPOLIS,2022,96,79,12,5,6,85
RINÓPOLIS,2023,89,78,10,10,7,71
RINÓPOLIS,2024,107,79,6,26,12,68
RINÓPOLIS,2025,27,20,2,4,5,2
RIO CLARO,2022,1281,938,869,373,170,694
RIO CLARO,2023,1262,999,780,252,126,838
RIO CLARO,2024,1165,990,222,203,151,775
RIO CLARO,2025,380,320,8,63,48,25
RIO DAS PEDRAS,2022,191,101,0,124,32,35
RIO DAS PEDRAS,2023,137,72,1,93,24,20
RIO DAS PEDRAS,2024,165,83,0,97,39,29
RIO DAS PEDRAS,2025,91,50,11,39,1,0
RIO GRANDE DA SERRA,2022,259,153,9,156,51,47
RIO GRANDE DA SERRA,2023,203,138,8,141,30,31
RIO GRANDE DA SERRA,2024,190,78,16,147,24,19
RIO GRANDE DA SERRA,2025,55,28,2,26,1,1
RIOLÂNDIA,2022,86,78,4,72,1,1
RIOLÂNDIA,2023,96,86,15,84,3,3
RIOLÂNDIA,2024,73,64,18,64,2,0
RIOLÂNDIA,2025,32,24,4,12,2,0
RIVERSUL,2022,82,67,0,72,1,3
RIVERSUL,2023,87,75,0,79,3,1
RIVERSUL,2024,81,76,2,72,0,1
RIVERSUL,2025,25,18,0,9,0,0
ROSANA,2022,166,130,68,150,7,4
ROSANA,2023,143,117,79,125,6,11
ROSANA,2024,149,129,95,120,13,13
ROSANA,2025,61,52,28,19,4,0
ROSEIRA,2022,74,53,19,63,5,2
ROSEIRA,2023,127,90,19,101,4,12
ROSEIRA,2024,102,86,12,77,7,10
ROSEIRA,2025,41,33,1,12,0,0
RUBINÉIA,2022,27,19,6,19,5,2
RUBINÉIA,2023,24,20,8,19,1,2
RUBINÉIA,2024,33,31,12,27,1,0
RUBINÉIA,2025,13,9,4,6,0,0
RUBIÁCEA,2022,10,7,1,3,4,3
RUBIÁCEA,2023,19,10,1,6,1,11
RUBIÁCEA,2024,11,6,2,2,2,7
RUBIÁCEA,2025,6,5,1,1,0,2
SABINO,2022,50,42,2,9,6,33
SABINO,2023,33,27,1,5,1,27
SABINO,2024,34,30,0,5,6,23
SABINO,2025,11,9,0,1,0,1
SAGRES,2022,28,22,2,23,5,0
SAGRES,2023,21,17,1,19,1,1
SAGRES,2024,18,13,0,17,1,0
SAGRES,2025,10,8,0,2,0,0
SALES,2022,59,47,38,5,1,47
SALES,2023,54,43,38,19,6,25
SALES,2024,44,37,33,38,0,3
SALES,2025,18,16,7,4,0,0
SALES OLIVEIRA,2022,102,85,8,94,1,4
SALES OLIVEIRA,2023,86,72,5,80,1,0
SALES OLIVEIRA,2024,102,97,13,96,0,3
SALES OLIVEIRA,2025,23,19,0,6,0,0
SALESÓPOLIS,2022,128,91,60,32,21,65
SALESÓPOLIS,2023,146,106,55,40,31,67
SALESÓPOLIS,2024,132,93,43,55,37,35
SALESÓPOLIS,2025,78,43,15,35,11,2
SALMOURÃO,2022,57,51,13,49,1,4
SALMOURÃO,2023,56,52,5,50,1,2
SALMOURÃO,2024,29,25,4,26,1,0
SALMOURÃO,2025,21,12,0,10,0,0
SALTINHO,2022,33,15,0,14,3,15
SALTINHO,2023,68,55,0,6,2,55
SALTINHO,2024,72,46,4,8,0,62
SALTINHO,2025,24,19,0,4,2,3
SALTO,2022,749,518,94,595,83,70
SALTO,2023,594,407,61,434,73,83
SALTO,2024,945,664,31,693,103,109
SALTO,2025,360,257,3,137,13,2
SALTO DE PIRAPORA,2022,467,388,72,351,43,39
SALTO DE PIRAPORA,2023,413,349,132,285,47,51
SALTO DE PIRAPORA,2024,293,238,85,252,18,14
SALTO DE PIRAPORA,2025,190,134,39,77,5,0
SALTO GRANDE,2022,108,93,41,15,9,74
SALTO GRANDE,2023,111,85,36,57,7,42
SALTO GRANDE,2024,88,72,12,82,0,3
SALTO GRANDE,2025,25,21,3,5,0,1
SANDOVALINA,2022,44,27,9,39,1,1
SANDOVALINA,2023,37,25,9,31,1,4
SANDOVALINA,2024,29,19,4,27,0,2
SANDOVALINA,2025,8,8,2,3,0,0
SANTA ADÉLIA,2022,114,86,1,16,8,81
SANTA ADÉLIA,2023,93,78,4,11,5,71
SANTA ADÉLIA,2024,86,79,40,5,8,66
SANTA ADÉLIA,2025,31,28,12,2,4,4
SANTA ALBERTINA,2022,46,36,9,41,2,1
SANTA ALBERTINA,2023,65,50,33,63,0,1
SANTA ALBERTINA,2024,47,41,27,44,0,1
SANTA ALBERTINA,2025,13,11,6,6,0,0
SANTA BRANCA,2022,98,75,1,95,2,0
SANTA BRANCA,2023,91,69,0,75,10,3
SANTA BRANCA,2024,106,93,1,70,20,12
SANTA BRANCA,2025,34,26,0,10,0,0
SANTA BÁRBARA D'OESTE,2022,1194,786,33,358,252,547
SANTA BÁRBARA D'OESTE,2023,1295,849,239,324,188,770
SANTA BÁRBARA D'OESTE,2024,1241,979,212,269,241,719
SANTA BÁRBARA D'OESTE,2025,462,370,53,100,74,9
SANTA CLARA D'OESTE,2022,24,21,0,18,0,1
SANTA CLARA D'OESTE,2023,28,25,0,19,1,2
SANTA CLARA D'OESTE,2024,25,24,0,21,1,0
SANTA CLARA D'OESTE,2025,9,9,0,1,0,0
SANTA CRUZ DA CONCEIÇÃO,2022,40,28,3,37,0,1
SANTA CRUZ DA CONCEIÇÃO,2023,32,24,13,25,3,3
SANTA CRUZ DA CONCEIÇÃO,2024,39,33,14,34,1,0
SANTA CRUZ DA CONCEIÇÃO,2025,10,9,4,3,0,0
SANTA CRUZ DA ESPERANÇA,2022,27,25,4,12,5,8
SANTA CRUZ DA ESPERANÇA,2023,13,12,5,0,3,9
SANTA CRUZ DA ESPERANÇA,2024,27,23,0,13,5,2
SANTA CRUZ DA ESPERANÇA,2025,2,2,0,0,0,0
SANTA CRUZ DAS PALMEIRAS,2022,258,176,35,31,10,205
SANTA CRUZ DAS PALMEIRAS,2023,249,192,42,13,4,220
SANTA CRUZ DAS PALMEIRAS,2024,250,195,27,8,7,218
SANTA CRUZ DAS PALMEIRAS,2025,85,62,11,6,4,23
SANTA CRUZ DO RIO PARDO,2022,511,439,68,430,16,9
SANTA CRUZ DO RIO PARDO,2023,468,417,40,399,9,7
SANTA CRUZ DO RIO PARDO,2024,460,417,65,397,5,4
SANTA CRUZ DO RIO PARDO,2025,159,145,10,43,1,0
SANTA ERNESTINA,2022,46,32,12,41,1,2
SANTA ERNESTINA,2023,37,30,4,32,1,1
SANTA ERNESTINA,2024,40,33,19,36,1,2
SANTA ERNESTINA,2025,13,12,6,2,0,0
SANTA FÉ DO SUL,2022,305,252,19,31,28,216
SANTA FÉ DO SUL,2023,238,194,4,188,24,20
SANTA FÉ DO SUL,2024,201,171,3,170,11,10
SANTA FÉ DO SUL,2025,97,79,1,27,2,0
SANTA GERTRUDES,2022,150,43,2,107,19,22
SANTA GERTRUDES,2023,291,199,3,173,42,63
SANTA GERTRUDES,2024,171,152,3,156,2,1
SANTA GERTRUDES,2025,42,30,0,12,0,0
SANTA ISABEL,2022,422,253,38,283,77,59
SANTA ISABEL,2023,499,298,49,177,74,243
SANTA ISABEL,2024,558,469,55,79,58,374
SANTA ISABEL,2025,175,145,9,15,24,11
SANTA LÚCIA,2022,28,15,0,28,0,0
SANTA LÚCIA,2023,44,32,1,41,1,1
SANTA LÚCIA,2024,58,40,2,55,0,0
SANTA LÚCIA,2025,13,12,1,4,0,0
SANTA MARIA DA SERRA,2022,66,30,9,27,26,12
SANTA MARIA DA SERRA,2023,65,52,24,49,7,6
SANTA MARIA DA SERRA,2024,65,41,1,23,15,23
SANTA MARIA DA SERRA,2025,25,13,0,6,5,3
SANTA MERCEDES,2022,33,25,2,4,1,28
SANTA MERCEDES,2023,38,33,8,1,1,35
SANTA MERCEDES,2024,33,30,7,0,2,26
SANTA MERCEDES,2025,19,14,5,1,1,5
SANTA RITA D'OESTE,2022,20,15,2,18,0,1
SANTA RITA D'OESTE,2023,22,17,1,20,0,0
SANTA RITA D'OESTE,2024,18,14,0,15,1,0
SANTA RITA D'OESTE,2025,8,7,0,2,0,0
SANTA RITA DO PASSA QUATRO,2022,154,120,2,27,17,107
SANTA RITA DO PASSA QUATRO,2023,119,76,11,46,22,50
SANTA RITA DO PASSA QUATRO,2024,113,73,15,37,15,60
SANTA RITA DO PASSA QUATRO,2025,28,20,3,5,5,2
SANTA ROSA DE VITERBO,2022,146,80,26,111,17,14
SANTA ROSA DE VITERBO,2023,154,125,35,118,13,12
SANTA ROSA DE VITERBO,2024,135,117,40,113,6,2
SANTA ROSA DE VITERBO,2025,49,41,16,18,1,0
SANTA SALETE,2022,14,14,6,9,2,1
SANTA SALETE,2023,17,13,4,15,0,0
SANTA SALETE,2024,10,8,4,8,2,0
SANTA SALETE,2025,2,1,0,1,0,0
SANTANA DA PONTE PENSA,2022,13,10,0,12,0,0
SANTANA DA PONTE PENSA,2023,10,7,0,7,0,1
SANTANA DA PONTE PENSA,2024,9,8,1,6,0,1
SANTANA DA PONTE PENSA,2025,2,2,0,1,0,0
SANTANA DE PARNAÍBA,2022,1784,1097,259,519,380,844
SANTANA DE PARNAÍBA,2023,1532,986,232,336,256,914
SANTANA DE PARNAÍBA,2024,1362,792,326,313,244,785
SANTANA DE PARNAÍBA,2025,371,217,56,98,71,33
SANTO ANASTÁCIO,2022,155,114,26,31,15,108
SANTO ANASTÁCIO,2023,145,112,29,19,13,105
SANTO ANASTÁCIO,2024,120,98,35,11,15,78
SANTO ANASTÁCIO,2025,40,35,5,5,4,0
SANTO ANDRÉ,2022,2802,1632,28,1747,464,545
SANTO ANDRÉ,2023,3349,2046,45,1732,570,1009
SANTO ANDRÉ,2024,3944,2927,246,1406,696,1785
SANTO ANDRÉ,2025,1350,1053,47,307,111,73
SANTO ANTÔNIO DA ALEGRIA,2022,72,47,26,10,9,47
SANTO ANTÔNIO DA ALEGRIA,2023,74,51,23,3,9,58
SANTO ANTÔNIO DA ALEGRIA,2024,56,43,14,6,1,42
SANTO ANTÔNIO DA ALEGRIA,2025,11,9,1,0,1,2
SANTO ANTÔNIO DE POSSE,2022,349,229,21,63,59,220
SANTO ANTÔNIO DE POSSE,2023,276,231,13,39,28,203
SANTO ANTÔNIO DE POSSE,2024,253,196,7,45,44,159
SANTO ANTÔNIO DE POSSE,2025,84,61,3,13,16,3
SANTO ANTÔNIO DO ARACANGUÁ,2022,78,60,1,11,5,55
SANTO ANTÔNIO DO ARACANGUÁ,2023,60,45,5,7,3,48
SANTO ANTÔNIO DO ARACANGUÁ,2024,64,48,7,10,3,43
SANTO ANTÔNIO DO ARACANGUÁ,2025,28,16,3,4,6,8
SANTO ANTÔNIO DO JARDIM,2022,52,20,0,37,13,0
SANTO ANTÔNIO DO JARDIM,2023,42,31,1,38,2,2
SANTO ANTÔNIO DO JARDIM,2024,45,33,0,41,3,1
SANTO ANTÔNIO DO JARDIM,2025,17,15,10,3,2,0
SANTO ANTÔNIO DO PINHAL,2022,64,49,9,48,9,5
SANTO ANTÔNIO DO PINHAL,2023,74,65,12,53,11,6
SANTO ANTÔNIO DO PINHAL,2024,67,56,7,52,1,5
SANTO ANTÔNIO DO PINHAL,2025,19,18,5,6,3,1
SANTO EXPEDITO,2022,28,20,8,22,4,2
SANTO EXPEDITO,2023,22,17,2,22,0,0
SANTO EXPEDITO,2024,23,18,7,18,0,2
SANTO EXPEDITO,2025,7,5,4,2,0,0
SANTOS,2022,2100,1530,22,790,329,881
SANTOS,2023,1944,1401,126,783,287,758
SANTOS,2024,1816,1280,127,742,310,665
SANTOS,2025,693,490,65,206,64,23
SANTÓPOLIS DO AGUAPEÍ,2022,69,54,1,8,5,50
SANTÓPOLIS DO AGUAPEÍ,2023,62,54,0,2,2,53
SANTÓPOLIS DO AGUAPEÍ,2024,44,39,0,1,1,36
SANTÓPOLIS DO AGUAPEÍ,2025,11,7,0,2,0,5
SARAPUÍ,2022,117,106,38,20,11,86
SARAPUÍ,2023,126,112,89,42,22,62
SARAPUÍ,2024,100,61,38,23,21,56
SARAPUÍ,2025,33,29,17,7,8,0
SARUTAIÁ,2022,45,36,4,42,1,0
SARUTAIÁ,2023,41,32,19,34,1,0
SARUTAIÁ,2024,39,35,11,35,0,1
SARUTAIÁ,2025,9,8,2,4,0,1
SEBASTIANÓPOLIS DO SUL,2022,28,22,11,23,1,1
SEBASTIANÓPOLIS DO SUL,2023,26,21,5,25,0,1
SEBASTIANÓPOLIS DO SUL,2024,36,30,8,35,1,0
SEBASTIANÓPOLIS DO SUL,2025,8,7,2,4,0,0
SERRA AZUL,2022,132,83,12,30,13,79
SERRA AZUL,2023,102,80,11,53,10,32
SERRA AZUL,2024,69,53,17,46,7,9
SERRA AZUL,2025,18,9,2,9,0,0
SERRA NEGRA,2022,209,153,12,29,31,144
SERRA NEGRA,2023,216,170,20,32,22,154
SERRA NEGRA,2024,230,176,21,53,31,141
SERRA NEGRA,2025,66,48,3,15,3,5
SERRANA,2022,482,365,126,306,35,112
SERRANA,2023,439,360,158,296,33,79
SERRANA,2024,379,325,133,248,29,70
SERRANA,2025,118,96,31,31,4,1
SERTÃOZINHO,2022,628,479,2,161,137,306
SERTÃOZINHO,2023,311,206,0,170,84,49
SERTÃOZINHO,2024,367,305,1,333,13,5
SERTÃOZINHO,2025,147,124,0,46,0,0
SETE BARRAS,2022,190,136,52,134,31,12
SETE BARRAS,2023,181,152,52,117,29,21
SETE BARRAS,2024,172,145,94,132,25,5
SETE BARRAS,2025,44,36,11,15,0,0
SEVERÍNIA,2022,165,130,1,102,43,6
SEVERÍNIA,2023,121,97,1,113,1,4
SEVERÍNIA,2024,120,92,1,106,5,4
SEVERÍNIA,2025,44,29,1,21,0,0
SILVEIRAS,2022,81,54,22,60,9,4
SILVEIRAS,2023,87,61,28,60,17,7
SILVEIRAS,2024,81,65,12,69,6,0
SILVEIRAS,2025,36,22,9,15,1,0
SOCORRO,2022,313,246,44,286,5,6
SOCORRO,2023,337,292,93,300,9,6
SOCORRO,2024,217,189,39,199,3,2
SOCORRO,2025,80,72,10,19,0,0
SOROCABA,2022,6731,4687,244,2816,1195,2368
SOROCABA,2023,6327,5096,286,2323,955,2640
SOROCABA,2024,6165,4791,358,2262,1122,2354
SOROCABA,2025,2258,1779,92,562,199,55
SUD MENNUCCI,2022,63,31,1,12,13,35
SUD MENNUCCI,2023,90,42,2,18,19,49
SUD MENNUCCI,2024,71,46,5,12,18,35
SUD MENNUCCI,2025,26,14,0,10,2,1
SUMARÉ,2022,1919,1209,378,1112,265,493
SUMARÉ,2023,1842,1246,540,1051,221,517
SUMARÉ,2024,1560,1147,423,1043,191,259
SUMARÉ,2025,548,385,106,203,23,3
SUZANO,2022,3386,2239,324,1027,551,1700
SUZANO,2023,3350,2613,407,723,396,2083
SUZANO,2024,3298,2575,341,759,450,1945
SUZANO,2025,1165,929,86,213,135,81
SUZANÁPOLIS,2022,34,25,2,9,4,19
SUZANÁPOLIS,2023,35,25,1,11,10,11
SUZANÁPOLIS,2024,33,21,0,7,4,22
SUZANÁPOLIS,2025,16,12,0,2,2,2
SÃO BENTO DO SAPUCAÍ,2022,84,55,27,60,11,6
SÃO BENTO DO SAPUCAÍ,2023,86,81,38,69,9,5
SÃO BENTO DO SAPUCAÍ,2024,89,80,40,73,5,6
SÃO BENTO DO SAPUCAÍ,2025,22,18,10,8,0,0
SÃO BERNARDO DO CAMPO,2022,5752,4629,15,1462,735,3326
SÃO BERNARDO DO CAMPO,2023,5344,4403,23,1182,619,3285
SÃO BERNARDO DO CAMPO,2024,5296,4473,31,1183,754,3092
SÃO BERNARDO DO CAMPO,2025,1938,1603,9,376,182,80
SÃO CAETANO DO SUL,2022,689,540,6,159,102,365
SÃO CAETANO DO SUL,2023,730,576,1,91,59,503
SÃO CAETANO DO SUL,2024,723,571,2,80,69,492
SÃO CAETANO DO SUL,2025,256,203,3,41,31,22
SÃO CARLOS,2022,1538,1236,244,1243,78,153
SÃO CARLOS,2023,1655,1336,442,1271,109,168
SÃO CARLOS,2024,1551,1318,575,1152,114,165
SÃO CARLOS,2025,561,461,192,179,15,4
SÃO FRANCISCO,2022,22,17,10,4,1,15
SÃO FRANCISCO,2023,26,16,8,3,0,20
SÃO FRANCISCO,2024,15,11,1,2,1,12
SÃO FRANCISCO,2025,6,3,0,2,1,0
SÃO JOAQUIM DA BARRA,2022,239,148,29,89,29,119
SÃO JOAQUIM DA BARRA,2023,262,154,35,91,39,131
SÃO JOAQUIM DA BARRA,2024,201,112,40,69,45,86
SÃO JOAQUIM DA BARRA,2025,72,47,2,20,8,1
SÃO JOSÉ DA BELA VISTA,2022,66,49,11,62,1,2
SÃO JOSÉ DA BELA VISTA,2023,61,49,4,55,2,3
SÃO JOSÉ DA BELA VISTA,2024,65,52,4,57,1,5
SÃO JOSÉ DA BELA VISTA,2025,27,22,0,10,0,0
SÃO JOSÉ DO BARREIRO,2022,36,25,9,25,2,6
SÃO JOSÉ DO BARREIRO,2023,34,30,3,24,5,4
SÃO JOSÉ DO BARREIRO,2024,30,20,3,22,3,2
SÃO JOSÉ DO BARREIRO,2025,13,11,1,1,0,0
SÃO JOSÉ DO RIO PARDO,2022,380,299,84,340,8,3
SÃO JOSÉ DO RIO PARDO,2023,331,279,103,226,33,53
SÃO JOSÉ DO RIO PARDO,2024,370,328,102,216,54,72
SÃO JOSÉ DO RIO PARDO,2025,122,105,36,28,5,2
SÃO JOSÉ DO RIO PRETO,2022,69,59,0,51,2,0
SÃO JOSÉ DO RIO PRETO,2023,4323,2236,319,1262,550,2310
SÃO JOSÉ DO RIO PRETO,2024,3275,2671,815,482,404,2176
SÃO JOSÉ DO RIO PRETO,2025,1132,957,259,159,133,39
SÃO JOSÉ DOS CAMPOS,2022,3409,2146,2,1889,486,1029
SÃO JOSÉ DOS CAMPOS,2023,5378,4465,14,2199,712,2345
SÃO JOSÉ DOS CAMPOS,2024,4610,3961,20,2065,828,1593
SÃO JOSÉ DOS CAMPOS,2025,1437,1106,21,427,133,28
SÃO JOÃO DA BOA VISTA,2022,726,541,45,119,49,509
SÃO JOÃO DA BOA VISTA,2023,695,554,482,81,44,523
SÃO JOÃO DA BOA VISTA,2024,621,542,474,41,38,476
SÃO JOÃO DA BOA VISTA,2025,179,155,34,11,8,37
SÃO JOÃO DAS DUAS PONTES,2022,16,13,8,15,0,0
SÃO JOÃO DAS DUAS PONTES,2023,26,22,16,26,0,0
SÃO JOÃO DAS DUAS PONTES,2024,16,14,4,16,0,0
SÃO JOÃO DAS DUAS PONTES,2025,8,8,2,4,0,0
SÃO JOÃO DE IRACEMA,2022,19,16,4,19,0,0
SÃO JOÃO DE IRACEMA,2023,18,16,5,17,1,0
SÃO JOÃO DE IRACEMA,2024,21,15,1,20,0,0
SÃO JOÃO DE IRACEMA,2025,6,5,0,1,0,0
SÃO JOÃO DO PAU D'ALHO,2022,24,19,4,3,0,18
SÃO JOÃO DO PAU D'ALHO,2023,20,17,9,2,2,15
SÃO JOÃO DO PAU D'ALHO,2024,21,17,11,6,4,8
SÃO JOÃO DO PAU D'ALHO,2025,2,1,0,1,0,0
SÃO LOURENÇO DA SERRA,2022,120,43,0,91,14,15
SÃO LOURENÇO DA SERRA,2023,97,48,1,73,6,17
SÃO LOURENÇO DA SERRA,2024,142,55,0,97,32,13
SÃO LOURENÇO DA SERRA,2025,46,28,0,19,4,0
SÃO LUÍS DO PARAITINGA,2022,95,72,39,30,17,47
SÃO LUÍS DO PARAITINGA,2023,108,78,47,30,15,58
SÃO LUÍS DO PARAITINGA,2024,106,78,41,21,10,74
SÃO LUÍS DO PARAITINGA,2025,39,28,14,9,8,1
SÃO MANUEL,2022,356,294,74,275,21,31
SÃO MANUEL,2023,309,280,51,237,33,15
SÃO MANUEL,2024,276,242,51,217,21,10
SÃO MANUEL,2025,103,89,14,28,1,0
SÃO MIGUEL ARCANJO,2022,393,312,162,86,37,266
SÃO MIGUEL ARCANJO,2023,390,290,147,77,41,270
SÃO MIGUEL ARCANJO,2024,308,188,105,63,66,177
SÃO MIGUEL ARCANJO,2025,130,98,41,31,14,2
SÃO PAULO,2022,86603,53284,2999,38952,13565,32391
SÃO PAULO,2023,98383,64487,3758,41149,13252,41330
SÃO PAULO,2024,79426,54760,2018,28135,10250,38447
SÃO PAULO,2025,33542,18720,309,10800,3848,3092
SÃO PEDRO,2022,282,150,0,76,43,154
SÃO PEDRO,2023,380,299,3,44,36,281
SÃO PEDRO,2024,322,260,4,24,24,257
SÃO PEDRO,2025,108,88,1,14,12,9
SÃO PEDRO DO TURVO,2022,105,85,43,86,6,1
SÃO PEDRO DO TURVO,2023,90,79,48,78,1,0
SÃO PEDRO DO TURVO,2024,83,75,45,73,1,1
SÃO PEDRO DO TURVO,2025,25,20,14,9,0,0
SÃO ROQUE,2022,689,441,69,294,126,246
SÃO ROQUE,2023,664,472,165,322,98,206
SÃO ROQUE,2024,662,543,245,382,90,137
SÃO ROQUE,2025,234,194,62,76,9,3
SÃO SEBASTIÃO,2022,1231,840,189,541,288,346
SÃO SEBASTIÃO,2023,1121,883,292,567,218,263
SÃO SEBASTIÃO,2024,1021,805,174,679,164,133
SÃO SEBASTIÃO,2025,479,283,37,209,14,3
SÃO SEBASTIÃO DA GRAMA,2022,100,77,71,13,5,78
SÃO SEBASTIÃO DA GRAMA,2023,65,50,40,7,3,52
SÃO SEBASTIÃO DA GRAMA,2024,53,49,13,3,2,46
SÃO SEBASTIÃO DA GRAMA,2025,34,24,5,3,7,10
SÃO SIMÃO,2022,136,104,72,18,19,90
SÃO SIMÃO,2023,111,90,9,13,17,74
SÃO SIMÃO,2024,112,87,24,20,13,74
SÃO SIMÃO,2025,36,29,2,2,3,5
SÃO VICENTE,2022,2158,1266,311,1355,387,355
SÃO VICENTE,2023,2462,1558,338,1205,484,712
SÃO VICENTE,2024,2442,1635,384,1021,532,801
SÃO VICENTE,2025,805,563,103,304,48,7
TABAPUÃ,2022,62,51,32,6,4,48
TABAPUÃ,2023,82,74,39,4,5,64
TABAPUÃ,2024,72,59,45,5,1,59
TABAPUÃ,2025,27,22,17,3,2,3
TABATINGA,2022,137,109,66,119,4,4
TABATINGA,2023,134,109,58,123,1,2
TABATINGA,2024,133,113,60,126,0,1
TABATINGA,2025,42,32,15,20,0,0
TABOÃO DA SERRA,2022,2471,1623,106,2004,209,142
TABOÃO DA SERRA,2023,2524,1814,188,1880,309,226
TABOÃO DA SERRA,2024,2490,1976,162,844,358,1173
TABOÃO DA SERRA,2025,883,663,14,133,112,140
TACIBA,2022,86,63,10,13,8,55
TACIBA,2023,85,67,20,12,7,61
TACIBA,2024,60,46,38,6,4,47
TACIBA,2025,32,28,21,4,4,4
TAGUAÍ,2022,199,174,110,18,3,160
TAGUAÍ,2023,184,159,73,13,6,150
TAGUAÍ,2024,190,174,108,15,4,155
TAGUAÍ,2025,55,49,25,8,9,9
TAIAÇU,2022,65,60,2,62,1,1
TAIAÇU,2023,64,52,3,63,0,1
TAIAÇU,2024,83,73,18,63,8,5
TAIAÇU,2025,16,15,4,4,0,0
TAIÚVA,2022,45,38,1,25,1,12
TAIÚVA,2023,44,33,11,18,11,12
TAIÚVA,2024,48,35,7,7,6,30
TAIÚVA,2025,21,17,1,2,4,1
TAMBAÚ,2022,208,164,3,31,15,147
TAMBAÚ,2023,177,137,1,21,20,124
TAMBAÚ,2024,211,169,2,36,27,135
TAMBAÚ,2025,59,44,0,5,11,4
TANABI,2022,189,148,23,135,20,15
TANABI,2023,189,165,49,142,11,16
TANABI,2024,208,167,64,162,21,13
TANABI,2025,56,51,16,14,1,1
TAPIRATIBA,2022,89,77,9,73,5,3
TAPIRATIBA,2023,59,54,1,57,0,0
TAPIRATIBA,2024,88,58,8,81,1,1
TAPIRATIBA,2025,17,15,2,3,0,0
TAPIRAÍ,2022,94,72,30,12,11,69
TAPIRAÍ,2023,84,68,58,14,9,58
TAPIRAÍ,2024,94,75,58,8,15,62
TAPIRAÍ,2025,35,28,20,5,4,5
TAQUARAL,2022,17,14,10,15,0,0
TAQUARAL,2023,31,26,22,25,1,1
TAQUARAL,2024,11,9,4,7,2,0
TAQUARAL,2025,8,6,1,2,1,0
TAQUARITINGA,2022,436,315,206,82,59,269
TAQUARITINGA,2023,353,267,188,96,51,188
TAQUARITINGA,2024,361,259,195,143,76,127
TAQUARITINGA,2025,110,78,47,36,5,3
TAQUARITUBA,2022,265,222,81,42,13,197
TAQUARITUBA,2023,284,243,80,22,12,231
TAQUARITUBA,2024,267,231,47,22,8,223
TAQUARITUBA,2025,84,69,14,10,12,10
TAQUARIVAÍ,2022,85,58,10,36,22,22
TAQUARIVAÍ,2023,111,80,27,70,19,18
TAQUARIVAÍ,2024,104,91,33,78,11,5
TAQUARIVAÍ,2025,29,24,5,9,1,0
TARABAI,2022,66,55,21,58,3,0
TARABAI,2023,72,59,25,65,3,0
TARABAI,2024,74,55,44,71,0,2
TARABAI,2025,26,17,11,14,0,0
TARUMÃ,2022,160,141,75,12,3,137
TARUMÃ,2023,186,160,101,17,8,148
TARUMÃ,2024,149,135,81,12,9,119
TARUMÃ,2025,39,32,19,4,5,6
TATUÍ,2022,1406,835,5,567,238,585
TATUÍ,2023,1309,987,9,296,214,765
TATUÍ,2024,1243,860,21,340,204,685
TATUÍ,2025,416,297,2,120,53,21
TAUBATÉ,2022,2317,1606,56,1080,356,768
TAUBATÉ,2023,2359,1827,114,763,427,1001
TAUBATÉ,2024,2422,1932,246,977,475,785
TAUBATÉ,2025,771,629,49,222,54,8
TEJUPÁ,2022,57,35,2,34,11,6
TEJUPÁ,2023,53,46,0,44,4,2
TEJUPÁ,2024,55,48,0,50,1,0
TEJUPÁ,2025,16,14,0,5,1,0
TEODORO SAMPAIO,2022,247,184,109,33,18,194
TEODORO SAMPAIO,2023,271,213,168,42,10,216
TEODORO SAMPAIO,2024,272,225,178,25,20,221
TEODORO SAMPAIO,2025,82,67,52,9,7,11
TERRA ROXA,2022,76,55,13,58,7,6
TERRA ROXA,2023,66,46,8,61,3,1
TERRA ROXA,2024,56,37,2,40,9,6
TERRA ROXA,2025,18,7,0,6,4,0
TIETÊ,2022,343,284,108,302,8,13
TIETÊ,2023,286,196,86,155,35,89
TIETÊ,2024,267,185,12,124,59,77
TIETÊ,2025,133,98,6,54,9,3
TIMBURI,2022,23,18,0,21,0,0
TIMBURI,2023,22,18,3,18,0,0
TIMBURI,2024,38,33,7,32,1,2
TIMBURI,2025,12,10,8,2,0,0
TORRE DE PEDRA,2022,19,15,1,17,2,0
TORRE DE PEDRA,2023,21,17,1,17,0,2
TORRE DE PEDRA,2024,26,24,0,26,0,0
TORRE DE PEDRA,2025,7,7,0,2,0,0
TORRINHA,2022,78,50,0,36,24,10
TORRINHA,2023,51,39,0,12,9,24
TORRINHA,2024,55,48,1,11,7,32
TORRINHA,2025,29,19,0,7,4,2
TRABIJU,2022,24,19,0,13,1,9
TRABIJU,2023,22,16,0,1,3,15
TRABIJU,2024,28,22,1,5,4,16
TRABIJU,2025,4,3,0,3,0,0
TREMEMBÉ,2022,383,165,82,120,52,205
TREMEMBÉ,2023,305,193,105,73,37,187
TREMEMBÉ,2024,344,270,64,81,34,227
TREMEMBÉ,2025,113,72,6,22,13,18
TRÊS FRONTEIRAS,2022,51,43,1,43,0,1
TRÊS FRONTEIRAS,2023,62,55,1,56,0,1
TRÊS FRONTEIRAS,2024,49,42,0,45,1,0
TRÊS FRONTEIRAS,2025,17,13,0,7,0,0
TUIUTI,2022,52,45,0,50,0,1
TUIUTI,2023,43,29,0,39,2,1
TUIUTI,2024,38,25,0,35,2,1
TUIUTI,2025,24,19,1,9,0,0
TUPI PAULISTA,2022,110,78,36,14,9,83
TUPI PAULISTA,2023,106,88,37,14,5,82
TUPI PAULISTA,2024,89,71,19,16,1,66
TUPI PAULISTA,2025,23,16,4,3,1,6
TUPÃ,2022,399,242,76,209,56,122
TUPÃ,2023,467,314,112,295,58,93
TUPÃ,2024,240,180,22,168,23,34
TUPÃ,2025,175,106,16,72,14,8
TURIÚBA,2022,10,7,0,2,1,7
TURIÚBA,2023,12,8,0,7,2,3
TURIÚBA,2024,1,0,0,1,0,0
TURIÚBA,2025,7,3,0,3,0,1
TURMALINA,2022,9,7,2,8,1,0
TURMALINA,2023,9,7,1,8,0,1
TURMALINA,2024,13,10,1,12,0,1
TURMALINA,2025,3,3,0,2,0,0
UBARANA,2022,51,48,2,44,1,1
UBARANA,2023,68,60,6,62,1,1
UBARANA,2024,78,69,15,66,2,1
UBARANA,2025,26,23,4,7,0,0
UBATUBA,2022,1297,936,363,1019,120,66
UBATUBA,2023,1306,1065,526,1035,115,79
UBATUBA,2024,1254,1041,478,1033,94,62
UBATUBA,2025,416,318,99,146,2,1
UBIRAJARA,2022,74,47,2,26,12,36
UBIRAJARA,2023,58,47,6,7,3,46
UBIRAJARA,2024,65,54,12,9,5,49
UBIRAJARA,2025,14,11,1,4,0,0
UCHOA,2022,82,70,14,70,2,0
UCHOA,2023,82,76,41,68,1,3
UCHOA,2024,79,77,40,71,0,2
UCHOA,2025,33,32,10,8,0,0
UNIÃO PAULISTA,2022,24,20,4,21,1,0
UNIÃO PAULISTA,2023,25,23,12,19,3,1
UNIÃO PAULISTA,2024,16,16,15,15,0,0
UNIÃO PAULISTA,2025,9,8,4,4,0,0
URU,2022,21,17,1,3,3,15
URU,2023,11,9,0,1,0,8
URU,2024,12,8,2,0,0,10
URU,2025,2,2,0,0,1,0
URUPÊS,2022,106,88,42,92,5,1
URUPÊS,2023,101,97,60,84,2,3
URUPÊS,2024,92,88,60,78,2,2
URUPÊS,2025,42,41,29,13,0,1
URÂNIA,2022,91,79,16,78,1,1
URÂNIA,2023,87,82,26,66,5,1
URÂNIA,2024,68,63,56,61,0,1
URÂNIA,2025,21,18,10,8,1,0
VALENTIM GENTIL,2022,150,132,61,123,10,3
VALENTIM GENTIL,2023,111,104,65,90,10,2
VALENTIM GENTIL,2024,115,113,54,89,10,5
VALENTIM GENTIL,2025,42,40,16,10,0,0
VALINHOS,2022,91,46,0,60,18,13
VALINHOS,2023,397,276,3,320,24,52
VALINHOS,2024,566,431,6,459,35,65
VALINHOS,2025,168,115,1,53,11,2
VALPARAÍSO,2022,244,195,97,50,16,158
VALPARAÍSO,2023,213,179,94,22,17,160
VALPARAÍSO,2024,193,142,71,35,15,135
VALPARAÍSO,2025,61,51,24,11,8,8
VARGEM,2022,111,88,0,8,4,93
VARGEM,2023,147,123,1,10,10,116
VARGEM,2024,139,127,0,16,3,112
VARGEM,2025,55,51,0,1,1,11
VARGEM GRANDE DO SUL,2022,67,55,0,65,0,2
VARGEM GRANDE DO SUL,2023,197,91,2,147,40,8
VARGEM GRANDE DO SUL,2024,144,108,0,141,0,3
VARGEM GRANDE PAULISTA,2022,614,424,149,457,41,79
VARGEM GRANDE PAULISTA,2023,604,490,244,456,38,69
VARGEM GRANDE PAULISTA,2024,563,480,181,394,62,60
VARGEM GRANDE PAULISTA,2025,202,159,64,62,13,2
VERA CRUZ,2022,83,55,17,17,8,57
VERA CRUZ,2023,58,41,14,18,8,31
VERA CRUZ,2024,72,53,24,9,9,52
VERA CRUZ,2025,21,19,8,2,3,2
VINHEDO,2022,589,463,285,77,46,426
VINHEDO,2023,543,443,325,60,24,421
VINHEDO,2024,602,484,400,48,35,474
VINHEDO,2025,175,142,37,16,29,24
VIRADOURO,2022,150,130,12,134,4,3
VIRADOURO,2023,128,114,8,113,3,2
VIRADOURO,2024,131,122,53,114,2,1
VIRADOURO,2025,39,33,6,14,0,0
VISTA ALEGRE DO ALTO,2022,103,86,8,86,4,3
VISTA ALEGRE DO ALTO,2023,88,70,10,75,1,4
VISTA ALEGRE DO ALTO,2024,107,93,11,95,1,1
VISTA ALEGRE DO ALTO,2025,30,25,2,11,0,0
VITÓRIA BRASIL,2022,22,13,13,3,2,17
VITÓRIA BRASIL,2023,8,2,3,0,0,8
VITÓRIA BRASIL,2024,13,8,1,3,4,6
VITÓRIA BRASIL,2025,8,7,0,3,0,0
VOTORANTIM,2022,915,603,172,578,132,175
VOTORANTIM,2023,870,604,204,570,99,184
VOTORANTIM,2024,653,518,216,443,73,116
VOTORANTIM,2025,266,180,73,101,7,0
VOTUPORANGA,2022,844,698,56,64,34,644
VOTUPORANGA,2023,796,702,57,41,19,661
VOTUPORANGA,2024,770,682,48,33,21,637
VOTUPORANGA,2025,251,223,5,9,17,47
VÁRZEA PAULISTA,2022,563,360,33,145,104,313
VÁRZEA PAULISTA,2023,747,527,39,198,100,446
VÁRZEA PAULISTA,2024,707,449,8,322,121,261
VÁRZEA PAULISTA,2025,61,22,0,28,0,0
ZACARIAS,2022,14,10,0,0,6,8
ZACARIAS,2023,25,20,1,3,1,21
ZACARIAS,2024,29,24,1,0,4,24
ZACARIAS,2025,16,12,2,2,3,4
ÁGUAS DA PRATA,2022,1,0,0,1,0,0
ÁGUAS DA PRATA,2023,19,11,0,8,5,6
ÁGUAS DA PRATA,2024,39,22,2,11,11,17
ÁGUAS DA PRATA,2025,8,4,0,1,1,1
ÁGUAS DE LINDÓIA,2022,149,105,2,32,32,78
ÁGUAS DE LINDÓIA,2023,172,128,1,33,23,114
ÁGUAS DE LINDÓIA,2024,160,137,7,27,19,111
ÁGUAS DE LINDÓIA,2025,40,27,2,13,6,2
ÁGUAS DE SANTA BÁRBARA,2022,57,45,0,53,0,1
ÁGUAS DE SANTA BÁRBARA,2023,66,51,5,61,2,1
ÁGUAS DE SANTA BÁRBARA,2024,50,43,4,45,0,2
ÁGUAS DE SANTA BÁRBARA,2025,13,11,3,4,0,0
ÁGUAS DE SÃO PEDRO,2022,26,20,0,3,2,18
ÁGUAS DE SÃO PEDRO,2023,29,23,0,3,2,24
ÁGUAS DE SÃO PEDRO,2024,21,17,0,0,3,16
ÁGUAS DE SÃO PEDRO,2025,11,11,0,0,0,2
ÁLVARES FLORENCE,2022,34,31,17,31,0,1
ÁLVARES FLORENCE,2023,18,14,6,16,1,1
ÁLVARES FLORENCE,2024,21,17,13,18,0,1
ÁLVARES FLORENCE,2025,2,2,0,0,0,0
ÁLVARES MACHADO,2022,255,183,114,204,13,19
ÁLVARES MACHADO,2023,227,203,135,147,40,24
ÁLVARES MACHADO,2024,216,182,126,175,15,11
ÁLVARES MACHADO,2025,67,59,35,24,0,1
ÁLVARO DE CARVALHO,2022,41,27,0,36,0,0
ÁLVARO DE CARVALHO,2023,41,27,3,16,1,21
ÁLVARO DE CARVALHO,2024,32,25,6,4,4,24
ÁLVARO DE CARVALHO,2025,6,5,1,0,0,1
ÓLEO,2022,24,13,2,15,6,3
ÓLEO,2023,25,21,1,22,0,1
ÓLEO,2024,32,24,4,25,2,2
ÓLEO,2025,7,6,1,2,0,0
